canonical_name,section,dtype,readiness,rule,worst,present,renamed,values,consistency,nan,metadata
sex,PATIENT,PASS:Int8,READY,registered,PASS,PASS,PASS,PASS,PASS,PASS,PASS
siteid_city,PATIENT,PASS:float64,READY,registered,PASS,PASS,PASS,PASS:n/a,PASS:n/a,PASS,PASS
brthdtc,PATIENT,PASS:datetime64[ns],READY,identity,PASS,PASS,PASS,PASS:n/a,PASS:n/a,PASS,PASS
age,PATIENT,PASS:float64,READY,identity,PASS,PASS,PASS,PASS:n/a,PASS:n/a,PASS,PASS
prism,AUTO-QUESTIONNAIRES,PASS:float64,PARTIAL,identity,PASS,PASS,PASS,PASS:n/a,PASS:n/a,PASS,PASS
staya,AUTO-QUESTIONNAIRES,PASS:float64,PARTIAL,identity,PASS,PASS,PASS,PASS:n/a,PASS:n/a,PASS,PASS
mars,AUTO-QUESTIONNAIRES,PASS:float64,READY,identity,PASS,PASS,PASS,PASS:n/a,PASS:n/a,PASS,PASS
mathys,AUTO-QUESTIONNAIRES,PASS:float64,PARTIAL,identity,PASS,PASS,PASS,PASS:n/a,PASS:n/a,PASS,PASS
mathys29,AUTO-QUESTIONNAIRES,PASS:float64,PARTIAL,identity,PASS,PASS,PASS,PASS:n/a,PASS:n/a,PASS,PASS
mathys30,AUTO-QUESTIONNAIRES,PASS:float64,PARTIAL,identity,PASS,PASS,PASS,PASS:n/a,PASS:n/a,PASS,PASS
mathys31,AUTO-QUESTIONNAIRES,PASS:float64,PARTIAL,identity,PASS,PASS,PASS,PASS:n/a,PASS:n/a,PASS,PASS
mathys32,AUTO-QUESTIONNAIRES,PASS:float64,PARTIAL,identity,PASS,PASS,PASS,PASS:n/a,PASS:n/a,PASS,PASS
mathys33,AUTO-QUESTIONNAIRES,PASS:float64,PARTIAL,identity,PASS,PASS,PASS,PASS:n/a,PASS:n/a,PASS,PASS
altman,AUTO-QUESTIONNAIRES,PASS:float64,PARTIAL,identity,PASS,PASS,PASS,PASS:n/a,PASS:n/a,PASS,PASS
qidsr120,AUTO-QUESTIONNAIRES,PASS:float64,PARTIAL,identity,PASS,PASS,PASS,PASS:n/a,PASS:n/a,PASS,PASS
psqi,AUTO-QUESTIONNAIRES,PASS:float64,READY,identity,PASS,PASS,PASS,PASS:n/a,PASS:n/a,PASS,PASS
psqi11,AUTO-QUESTIONNAIRES,PASS:Int16,READY,identity,PASS,PASS,PASS,PASS,PASS,PASS,PASS
psqi12,AUTO-QUESTIONNAIRES,PASS:Int16,READY,identity,PASS,PASS,PASS,PASS,PASS,PASS,PASS
psqi13,AUTO-QUESTIONNAIRES,PASS:Int16,READY,identity,PASS,PASS,PASS,PASS,PASS,PASS,PASS
psqi14,AUTO-QUESTIONNAIRES,PASS:Int16,READY,identity,PASS,PASS,PASS,PASS,PASS,PASS,PASS
psqi15,AUTO-QUESTIONNAIRES,PASS:Int16,READY,identity,PASS,PASS,PASS,PASS,PASS,PASS,PASS
psqi16,AUTO-QUESTIONNAIRES,PASS:Int16,READY,identity,PASS,PASS,PASS,PASS,PASS,PASS,PASS
psqi17,AUTO-QUESTIONNAIRES,PASS:Int16,READY,identity,PASS,PASS,PASS,PASS,PASS,PASS,PASS
ess0109,AUTO-QUESTIONNAIRES,PASS:float64,PARTIAL,identity,PASS,PASS,PASS,PASS:n/a,PASS:n/a,PASS,PASS
eq5d0206,AUTO-QUESTIONNAIRES,PASS:float64,READY,identity,PASS,PASS,PASS,PASS:n/a,PASS:n/a,PASS,PASS
eq5d,AUTO-QUESTIONNAIRES,PASS:float64,PARTIAL,identity,PASS,PASS,PASS,PASS:n/a,PASS:n/a,PASS,PASS
fagers,AUTO-QUESTIONNAIRES,PASS:float64,READY,identity,PASS,PASS,PASS,PASS:n/a,PASS:n/a,PASS,PASS
ctq29,AUTO-QUESTIONNAIRES,PASS:float64,READY,identity,PASS,PASS,PASS,PASS:n/a,PASS:n/a,PASS,PASS
ctq31,AUTO-QUESTIONNAIRES,PASS:float64,READY,identity,PASS,PASS,PASS,PASS:n/a,PASS:n/a,PASS,PASS
ctq33,AUTO-QUESTIONNAIRES,PASS:float64,READY,identity,PASS,PASS,PASS,PASS:n/a,PASS:n/a,PASS,PASS
ctq35,AUTO-QUESTIONNAIRES,PASS:float64,READY,identity,PASS,PASS,PASS,PASS:n/a,PASS:n/a,PASS,PASS
ctq37,AUTO-QUESTIONNAIRES,PASS:float64,READY,identity,PASS,PASS,PASS,PASS:n/a,PASS:n/a,PASS,PASS
ctq39,AUTO-QUESTIONNAIRES,PASS:float64,READY,identity,PASS,PASS,PASS,PASS:n/a,PASS:n/a,PASS,PASS
ctq40,AUTO-QUESTIONNAIRES,PASS:Int16,READY,identity,PASS,PASS,PASS,PASS,PASS,PASS,PASS
ctq41,AUTO-QUESTIONNAIRES,PASS:Int8,PARTIAL,identity,PASS,PASS,PASS,PASS,PASS,PASS,PASS
bis10,AUTO-QUESTIONNAIRES,PASS:float64,PARTIAL,identity,PASS,PASS,PASS,PASS:n/a,PASS:n/a,PASS,PASS
wurs,AUTO-QUESTIONNAIRES,PASS:float64,PARTIAL,identity,PASS,PASS,PASS,PASS:n/a,PASS:n/a,PASS,PASS
csm,AUTO-QUESTIONNAIRES,PASS:float64,PARTIAL,identity,PASS,PASS,PASS,PASS:n/a,PASS:n/a,PASS,PASS
mdq,AUTO-QUESTIONNAIRES,PASS:Int8,PARTIAL,registered,WARN,PASS,PASS,PASS,PASS,WARN:sparse/empty source: ['BP=raw1.00'],PASS
cgi01,HETERO-QUESTIONNAIRES,PASS:Int16,READY,identity,PASS,PASS,PASS,PASS,PASS,PASS,PASS
cgi02,HETERO-QUESTIONNAIRES,PASS:Int16,PARTIAL,identity,PASS,PASS,PASS,PASS,PASS,PASS,PASS
cgi03a,HETERO-QUESTIONNAIRES,PASS:Int16,PARTIAL,identity,PASS,PASS,PASS,PASS,PASS,PASS,PASS
cgi03b,HETERO-QUESTIONNAIRES,PASS:Int16,PARTIAL,identity,PASS,PASS,PASS,PASS,PASS,PASS,PASS
cgi03,HETERO-QUESTIONNAIRES,PASS:float64,PARTIAL,identity,PASS,PASS,PASS,PASS:n/a,PASS:n/a,PASS,PASS
egf,HETERO-QUESTIONNAIRES,PASS:float64,READY,identity,PASS,PASS,PASS,PASS:n/a,PASS:n/a,PASS,PASS
madrs,HETERO-QUESTIONNAIRES,PASS:float64,PARTIAL,identity,PASS,PASS,PASS,PASS:n/a,PASS:n/a,PASS,PASS
ymrs,HETERO-QUESTIONNAIRES,PASS:float64,READY,identity,PASS,PASS,PASS,PASS:n/a,PASS:n/a,PASS,PASS
fast25,HETERO-QUESTIONNAIRES,PASS:float64,PARTIAL,identity,PASS,PASS,PASS,PASS:n/a,PASS:n/a,PASS,PASS
fast26,HETERO-QUESTIONNAIRES,PASS:float64,PARTIAL,identity,PASS,PASS,PASS,PASS:n/a,PASS:n/a,PASS,PASS
fast27,HETERO-QUESTIONNAIRES,PASS:float64,PARTIAL,identity,PASS,PASS,PASS,PASS:n/a,PASS:n/a,PASS,PASS
fast28,HETERO-QUESTIONNAIRES,PASS:Int16,PARTIAL,identity,PASS,PASS,PASS,PASS,PASS,PASS,PASS
fast29,HETERO-QUESTIONNAIRES,PASS:float64,PARTIAL,identity,PASS,PASS,PASS,PASS:n/a,PASS:n/a,PASS,PASS
fast30,HETERO-QUESTIONNAIRES,PASS:Int16,PARTIAL,identity,PASS,PASS,PASS,PASS,PASS,PASS,PASS
fast,HETERO-QUESTIONNAIRES,PASS:float64,PARTIAL,identity,PASS,PASS,PASS,PASS:n/a,PASS:n/a,PASS,PASS
height,CONSTANTES ET ECG,PASS:float64,READY,identity,PASS,PASS,PASS,PASS:n/a,PASS:n/a,PASS,PASS
weight,CONSTANTES ET ECG,PASS:float64,READY,identity,PASS,PASS,PASS,PASS:n/a,PASS:n/a,PASS,PASS
bmi,CONSTANTES ET ECG,PASS:float64,READY,identity,PASS,PASS,PASS,PASS:n/a,PASS:n/a,PASS,PASS
wstcir,CONSTANTES ET ECG,PASS:float64,READY,identity,PASS,PASS,PASS,PASS:n/a,PASS:n/a,PASS,PASS
sysbpsupine,CONSTANTES ET ECG,PASS:float64,READY,identity,PASS,PASS,PASS,PASS:n/a,PASS:n/a,PASS,PASS
diabpsupine,CONSTANTES ET ECG,PASS:float64,READY,identity,PASS,PASS,PASS,PASS:n/a,PASS:n/a,PASS,PASS
hrsupine,CONSTANTES ET ECG,PASS:float64,PARTIAL,identity,PASS,PASS,PASS,PASS:n/a,PASS:n/a,PASS,PASS
sysbpstanding,CONSTANTES ET ECG,PASS:float64,PARTIAL,identity,PASS,PASS,PASS,PASS:n/a,PASS:n/a,PASS,PASS
diabpstanding,CONSTANTES ET ECG,PASS:float64,PARTIAL,identity,PASS,PASS,PASS,PASS:n/a,PASS:n/a,PASS,PASS
hrstanding,CONSTANTES ET ECG,PASS:float64,PARTIAL,identity,PASS,PASS,PASS,PASS:n/a,PASS:n/a,PASS,PASS
eghrmn,CONSTANTES ET ECG,PASS:float64,PARTIAL,identity,PASS,PASS,PASS,PASS:n/a,PASS:n/a,PASS,PASS
qt,CONSTANTES ET ECG,PASS:float64,PARTIAL,identity,PASS,PASS,PASS,PASS:n/a,PASS:n/a,PASS,PASS
rr,CONSTANTES ET ECG,PASS:float64,PARTIAL,identity,PASS,PASS,PASS,PASS:n/a,PASS:n/a,PASS,PASS
qtc,CONSTANTES ET ECG,PASS:float64,READY,identity,PASS,PASS,PASS,PASS:n/a,PASS:n/a,PASS,PASS
sodium_lbstresc,BILAN BIOLOGIQUE,PASS:float64,PARTIAL,identity,PASS,PASS,PASS,PASS:n/a,PASS:n/a,PASS,PASS
k_lbstresc,BILAN BIOLOGIQUE,PASS:float64,PARTIAL,identity,PASS,PASS,PASS,PASS:n/a,PASS:n/a,PASS,PASS
cl_lbstresc,BILAN BIOLOGIQUE,PASS:float64,PARTIAL,identity,PASS,PASS,PASS,PASS:n/a,PASS:n/a,PASS,PASS
bicarb_lbstresc,BILAN BIOLOGIQUE,PASS:float64,PARTIAL,identity,PASS,PASS,PASS,PASS:n/a,PASS:n/a,PASS,PASS
prot_lbstresc,BILAN BIOLOGIQUE,PASS:float64,PARTIAL,identity,PASS,PASS,PASS,PASS:n/a,PASS:n/a,PASS,PASS
alb_lbstresc,BILAN BIOLOGIQUE,PASS:float64,PARTIAL,identity,PASS,PASS,PASS,PASS:n/a,PASS:n/a,PASS,PASS
urea_lbstresc,BILAN BIOLOGIQUE,PASS:float64,PARTIAL,identity,PASS,PASS,PASS,PASS:n/a,PASS:n/a,PASS,PASS
urate,BILAN BIOLOGIQUE,PASS:float64,READY,identity,PASS,PASS,PASS,PASS:n/a,PASS:n/a,PASS,PASS
creat_lbstresc,BILAN BIOLOGIQUE,PASS:float64,PARTIAL,identity,PASS,PASS,PASS,PASS:n/a,PASS:n/a,PASS,PASS
creatclr_lbstresc,BILAN BIOLOGIQUE,PASS:string,PARTIAL,identity,PASS,PASS,PASS,PASS:n/a,PASS:n/a,PASS,PASS
phos_lbstresc,BILAN BIOLOGIQUE,PASS:float64,PARTIAL,identity,PASS,PASS,PASS,PASS:n/a,PASS:n/a,PASS,PASS
iron_lbstresc,BILAN BIOLOGIQUE,PASS:float64,PARTIAL,identity,PASS,PASS,PASS,PASS:n/a,PASS:n/a,PASS,PASS
ca_lbstresc,BILAN BIOLOGIQUE,PASS:float64,PARTIAL,identity,PASS,PASS,PASS,PASS:n/a,PASS:n/a,PASS,PASS
crp,BILAN BIOLOGIQUE,PASS:string,READY,identity,PASS,PASS,PASS,PASS:n/a,PASS:n/a,PASS,PASS
gluc,BILAN BIOLOGIQUE,PASS:float64,READY,identity,PASS,PASS,PASS,PASS:n/a,PASS:n/a,PASS,PASS
hba1c,BILAN BIOLOGIQUE,PASS:float64,READY,identity,PASS,PASS,PASS,PASS:n/a,PASS:n/a,PASS,PASS
hdl,BILAN BIOLOGIQUE,PASS:float64,READY,identity,PASS,PASS,PASS,PASS:n/a,PASS:n/a,PASS,PASS
ldl,BILAN BIOLOGIQUE,PASS:float64,READY,identity,PASS,PASS,PASS,PASS:n/a,PASS:n/a,PASS,PASS
chol,BILAN BIOLOGIQUE,PASS:float64,READY,identity,PASS,PASS,PASS,PASS:n/a,PASS:n/a,PASS,PASS
cholhdl_lbstresc,BILAN BIOLOGIQUE,PASS:float64,PARTIAL,identity,PASS,PASS,PASS,PASS:n/a,PASS:n/a,PASS,PASS
trig,BILAN BIOLOGIQUE,PASS:float64,READY,identity,PASS,PASS,PASS,PASS:n/a,PASS:n/a,PASS,PASS
alp_lbstresc,BILAN BIOLOGIQUE,PASS:float64,PARTIAL,identity,PASS,PASS,PASS,PASS:n/a,PASS:n/a,PASS,PASS
ast_lbstresc,BILAN BIOLOGIQUE,PASS:string,PARTIAL,identity,PASS,PASS,PASS,PASS:n/a,PASS:n/a,PASS,PASS
alt_lbstresc,BILAN BIOLOGIQUE,PASS:string,PARTIAL,identity,PASS,PASS,PASS,PASS:n/a,PASS:n/a,PASS,PASS
bili_lbstresc,BILAN BIOLOGIQUE,PASS:float64,PARTIAL,identity,PASS,PASS,PASS,PASS:n/a,PASS:n/a,PASS,PASS
ggt_lbstresc,BILAN BIOLOGIQUE,PASS:float64,PARTIAL,identity,PASS,PASS,PASS,PASS:n/a,PASS:n/a,PASS,PASS
tsh_lbstresc,BILAN BIOLOGIQUE,PASS:float64,PARTIAL,identity,PASS,PASS,PASS,PASS:n/a,PASS:n/a,PASS,PASS
t3fr_lbstresc,BILAN BIOLOGIQUE,PASS:float64,PARTIAL,identity,PASS,PASS,PASS,PASS:n/a,PASS:n/a,PASS,PASS
t4fr_lbstresc,BILAN BIOLOGIQUE,PASS:float64,PARTIAL,identity,PASS,PASS,PASS,PASS:n/a,PASS:n/a,PASS,PASS
wbc,BILAN BIOLOGIQUE,PASS:float64,READY,identity,PASS,PASS,PASS,PASS:n/a,PASS:n/a,PASS,PASS
rbc,BILAN BIOLOGIQUE,PASS:float64,READY,identity,PASS,PASS,PASS,PASS:n/a,PASS:n/a,PASS,PASS
hgb,BILAN BIOLOGIQUE,PASS:float64,READY,identity,PASS,PASS,PASS,PASS:n/a,PASS:n/a,PASS,PASS
hct_lbstresc,BILAN BIOLOGIQUE,PASS:float64,PARTIAL,identity,PASS,PASS,PASS,PASS:n/a,PASS:n/a,PASS,PASS
neut,BILAN BIOLOGIQUE,PASS:float64,READY,identity,PASS,PASS,PASS,PASS:n/a,PASS:n/a,PASS,PASS
baso_lbstresc,BILAN BIOLOGIQUE,PASS:float64,PARTIAL,identity,PASS,PASS,PASS,PASS:n/a,PASS:n/a,PASS,PASS
eos,BILAN BIOLOGIQUE,PASS:float64,READY,identity,PASS,PASS,PASS,PASS:n/a,PASS:n/a,PASS,PASS
lym_lbstresc,BILAN BIOLOGIQUE,PASS:float64,PARTIAL,identity,PASS,PASS,PASS,PASS:n/a,PASS:n/a,PASS,PASS
mono_lbstresc,BILAN BIOLOGIQUE,PASS:float64,PARTIAL,identity,PASS,PASS,PASS,PASS:n/a,PASS:n/a,PASS,PASS
mcv,BILAN BIOLOGIQUE,PASS:float64,READY,identity,PASS,PASS,PASS,PASS:n/a,PASS:n/a,PASS,PASS
mch_lbstresc,BILAN BIOLOGIQUE,PASS:float64,PARTIAL,identity,PASS,PASS,PASS,PASS:n/a,PASS:n/a,PASS,PASS
mchc_lbstresc,BILAN BIOLOGIQUE,PASS:float64,PARTIAL,identity,PASS,PASS,PASS,PASS:n/a,PASS:n/a,PASS,PASS
plat,BILAN BIOLOGIQUE,PASS:float64,READY,identity,PASS,PASS,PASS,PASS:n/a,PASS:n/a,PASS,PASS
hcg_lbstresc,BILAN BIOLOGIQUE,PASS:string,PARTIAL,identity,PASS,PASS,PASS,PASS:n/a,PASS:n/a,PASS,PASS
prolctn,BILAN BIOLOGIQUE,PASS:float64,READY,identity,PASS,PASS,PASS,PASS:n/a,PASS:n/a,PASS,PASS
vitd,BILAN BIOLOGIQUE,PASS:float64,PARTIAL,identity,PASS,PASS,PASS,PASS:n/a,PASS:n/a,PASS,PASS
clozapin,BILAN BIOLOGIQUE,PASS:string,PARTIAL,identity,PASS,PASS,PASS,PASS:n/a,PASS:n/a,PASS,PASS
oxcarbaz,BILAN BIOLOGIQUE,PASS:float64,PARTIAL,identity,PASS,PASS,PASS,PASS:n/a,PASS:n/a,PASS,PASS
agemere,PERINATALITE,PASS:float64,READY,identity,PASS,PASS,PASS,PASS:n/a,PASS:n/a,PASS,PASS
agepere,PERINATALITE,PASS:float64,READY,identity,PASS,PASS,PASS,PASS:n/a,PASS:n/a,PASS,PASS
prembrth,PERINATALITE,PASS:Int16,READY,registered,PASS,PASS,PASS,PASS,PASS,PASS,PASS
gstabrth,PERINATALITE,PASS:float64,READY,identity,PASS,PASS,PASS,PASS:n/a,PASS:n/a,PASS,PASS
naisstyp,PERINATALITE,PASS:Int8,READY,registered,PASS,PASS,PASS,PASS,PASS,PASS,PASS
honeonat,PERINATALITE,PASS:Int8,READY,identity,PASS,PASS,PASS,PASS,PASS,PASS,PASS
brthht,PERINATALITE,PASS:float64,PARTIAL,identity,PASS,PASS,PASS,PASS:n/a,PASS:n/a,PASS,PASS
brthcirc,PERINATALITE,PASS:float64,PARTIAL,identity,PASS,PASS,PASS,PASS:n/a,PASS:n/a,PASS,PASS
apgr0106_1min,PERINATALITE,PASS:float64,PARTIAL,identity,PASS,PASS,PASS,PASS:n/a,PASS:n/a,PASS,PASS
apgr0106_5min,PERINATALITE,PASS:Int16,PARTIAL,identity,WARN,PASS,PASS,"WARN:outside [0, 4, 5, 6, 7, 8, 9, 10]: [19]","WARN:cohort value sets diverge: {'BP': {0, 4, 5, 6, 7, 8, 9,",PASS,PASS
isf01,SUICIDE,PASS:Int8,READY,identity,PASS,PASS,PASS,PASS,PASS,PASS,PASS
isf01a,SUICIDE,PASS:Int16,READY,registered,PASS,PASS,PASS,PASS,PASS,PASS,PASS
isf02,SUICIDE,PASS:Int8,READY,identity,PASS,PASS,PASS,PASS,PASS,PASS,PASS
isf02a,SUICIDE,PASS:Int16,READY,registered,PASS,PASS,PASS,PASS,PASS,PASS,PASS
isf03,SUICIDE,PASS:Int8,READY,identity,PASS,PASS,PASS,PASS,PASS,PASS,PASS
isf03a,SUICIDE,PASS:Int16,READY,registered,PASS,PASS,PASS,PASS,PASS,PASS,PASS
isf04,SUICIDE,PASS:Int8,READY,identity,PASS,PASS,PASS,PASS,PASS,PASS,PASS
isf04a,SUICIDE,PASS:Int16,READY,registered,PASS,PASS,PASS,PASS,PASS,PASS,PASS
isf05,SUICIDE,PASS:Int8,READY,identity,PASS,PASS,PASS,PASS,PASS,PASS,PASS
isf05a,SUICIDE,PASS:Int16,READY,registered,PASS,PASS,PASS,PASS,PASS,PASS,PASS
isf07,SUICIDE,PASS:float64,READY,identity,PASS,PASS,PASS,PASS:n/a,PASS:n/a,PASS,PASS
isf08,SUICIDE,PASS:Int8,READY,identity,PASS,PASS,PASS,PASS,PASS,PASS,PASS
isf08a,SUICIDE,PASS:Int16,READY,identity,WARN,PASS,PASS,"WARN:outside [0, 1, 2, 3, 4, 6, 10]: [7]","WARN:cohort value sets diverge: {'BP': {0, 1, 2, 3, 4, 6, 10",PASS,PASS
isf09,SUICIDE,PASS:Int8,READY,identity,PASS,PASS,PASS,PASS,PASS,PASS,PASS
isf09a,SUICIDE,PASS:float64,READY,identity,PASS,PASS,PASS,PASS:n/a,PASS:n/a,PASS,PASS
ltsv01,SUICIDE,PASS:Int16,PARTIAL,registered,WARN,PASS,PASS,"WARN:outside [2, 3, 4, 5, 6]: [1]","WARN:cohort value sets diverge: {'BP': {1, 2, 3, 4, 5}, 'DR'",PASS,PASS
ltsv02,SUICIDE,PASS:Int16,PARTIAL,identity,WARN,PASS,PASS,PASS,PASS,WARN:sparse/empty source: ['BP=raw1.00'],PASS
ltsv03,SUICIDE,PASS:category,PARTIAL,identity,WARN,PASS,PASS,PASS:n/a,PASS:n/a,WARN:sparse/empty source: ['DR=raw1.00'],PASS
ltsv04,SUICIDE,PASS:Int16,PARTIAL,identity,WARN,PASS,PASS,PASS,PASS,"WARN:sparse/empty source: ['BP=raw1.00', 'DR=raw1.00']",PASS
ltsv05,SUICIDE,PASS:Int16,PARTIAL,identity,WARN,PASS,PASS,PASS,PASS,WARN:sparse/empty source: ['BP=raw1.00'],PASS
ltsv06,SUICIDE,PASS:Int16,PARTIAL,identity,WARN,PASS,PASS,PASS,PASS,WARN:sparse/empty source: ['BP=raw1.00'],PASS
ltsv07,SUICIDE,PASS:Int8,PARTIAL,identity,WARN,PASS,PASS,PASS,"WARN:cohort value sets diverge: {'BP': {0, 1}, 'DR': {1}}",PASS,PASS
ltsv09,SUICIDE,PASS:Int8,PARTIAL,identity,PASS,PASS,PASS,PASS,PASS,PASS,PASS
ltsg01,SUICIDE,PASS:Int16,PARTIAL,registered,WARN,PASS,PASS,"WARN:outside [0, 1, 2]: [3]",PASS,PASS,PASS
ltsg02,SUICIDE,PASS:Int16,PARTIAL,registered,WARN,PASS,PASS,"WARN:outside [1, 2, 3, 7, 9, 10]: [4]","WARN:cohort value sets diverge: {'BP': {1, 2, 3, 4}, 'DR': {",PASS,PASS
ltsg03,SUICIDE,PASS:Int16,PARTIAL,identity,WARN,PASS,PASS,PASS,PASS,WARN:sparse/empty source: ['BP=raw0.99'],PASS
ltsg04,SUICIDE,PASS:Int16,PARTIAL,registered,WARN,PASS,PASS,"WARN:outside [2, 3, 4, 5, 6, 7, 8]: [1]","WARN:cohort value sets diverge: {'BP': {1, 2, 3, 4, 5}, 'DR'",PASS,PASS
ltsg05,SUICIDE,PASS:Int16,PARTIAL,identity,WARN,PASS,PASS,PASS,PASS,WARN:sparse/empty source: ['BP=raw1.00'],PASS
ltsg06,SUICIDE,PASS:Int16,PARTIAL,identity,WARN,PASS,PASS,PASS,PASS,WARN:sparse/empty source: ['BP=raw1.00'],PASS
ltsg07,SUICIDE,PASS:Int8,PARTIAL,identity,PASS,PASS,PASS,PASS,PASS,PASS,PASS
cssrs01,SUICIDE,PASS:Int8,PARTIAL,identity,PASS,PASS,PASS,PASS,PASS,PASS,PASS
cssrs02,SUICIDE,PASS:Int8,PARTIAL,identity,PASS,PASS,PASS,PASS,PASS,PASS,PASS
cssrs03,SUICIDE,PASS:Int8,PARTIAL,identity,PASS,PASS,PASS,PASS,PASS,PASS,PASS
cssrs04,SUICIDE,PASS:Int8,PARTIAL,identity,PASS,PASS,PASS,PASS,PASS,PASS,PASS
cssrs05,SUICIDE,PASS:Int8,PARTIAL,identity,PASS,PASS,PASS,PASS,PASS,PASS,PASS
cssrs06,SUICIDE,PASS:Int16,PARTIAL,identity,WARN,PASS,PASS,"WARN:outside [1, 2, 3, 4, 5]: [0, 7, 9]","WARN:cohort value sets diverge: {'BP': {1, 2, 3, 4, 5}, 'DR'",PASS,PASS
cssrs08,SUICIDE,PASS:Int16,PARTIAL,identity,PASS,PASS,PASS,PASS,PASS,PASS,PASS
cssrs09,SUICIDE,PASS:Int16,PARTIAL,identity,PASS,PASS,PASS,PASS,PASS,PASS,PASS
cssrs10,SUICIDE,PASS:Int16,PARTIAL,identity,PASS,PASS,PASS,PASS,PASS,PASS,PASS
cssrs11,SUICIDE,PASS:Int16,PARTIAL,identity,PASS,PASS,PASS,PASS,PASS,PASS,PASS
cssrs12,SUICIDE,PASS:Int16,PARTIAL,identity,PASS,PASS,PASS,PASS,PASS,PASS,PASS
suncf_cigarettes_lt,SUBSTANCES,PASS:Int16,READY,registered,PASS,PASS,PASS,PASS,PASS,PASS,PASS
sudose_cigarettes_lt,SUBSTANCES,PASS:float64,READY,identity,PASS,PASS,PASS,PASS:n/a,PASS:n/a,PASS,PASS
agedebut_cigarettes_lt,SUBSTANCES,PASS:float64,READY,identity,PASS,PASS,PASS,PASS:n/a,PASS:n/a,PASS,PASS
agefin_cigarettes_lt,SUBSTANCES,PASS:float64,READY,identity,PASS,PASS,PASS,PASS:n/a,PASS:n/a,PASS,PASS
cclin01,NEUROPSYCHOLOGIE,PASS:string,PARTIAL,identity,PASS,PASS,PASS,PASS:n/a,PASS:n/a,PASS,PASS
cclin03,NEUROPSYCHOLOGIE,PASS:Int8,PARTIAL,identity,PASS,PASS,PASS,PASS,PASS,PASS,PASS
cclin04,NEUROPSYCHOLOGIE,PASS:Int8,PARTIAL,registered,PASS,PASS,PASS,PASS,PASS,PASS,PASS
cclin08,NEUROPSYCHOLOGIE,PASS:string,PARTIAL,identity,PASS,PASS,PASS,PASS:n/a,PASS:n/a,PASS,PASS
cclin09,NEUROPSYCHOLOGIE,PASS:Int8,PARTIAL,identity,PASS,PASS,PASS,PASS,PASS,PASS,PASS
cclin10,NEUROPSYCHOLOGIE,PASS:Int8,PARTIAL,identity,PASS,PASS,PASS,PASS,PASS,PASS,PASS
cclin11,NEUROPSYCHOLOGIE,PASS:Int8,PARTIAL,identity,PASS,PASS,PASS,PASS,PASS,PASS,PASS
tmta01,NEUROPSYCHOLOGIE,PASS:string,PARTIAL,identity,PASS,PASS,PASS,PASS:n/a,PASS:n/a,PASS,PASS
tmta01a,NEUROPSYCHOLOGIE,PASS:string,PARTIAL,identity,PASS,PASS,PASS,PASS:n/a,PASS:n/a,PASS,PASS
tmta01b,NEUROPSYCHOLOGIE,PASS:float64,PARTIAL,identity,PASS,PASS,PASS,PASS:n/a,PASS:n/a,PASS,PASS
tmta02a,NEUROPSYCHOLOGIE,PASS:string,PARTIAL,identity,PASS,PASS,PASS,PASS:n/a,PASS:n/a,PASS,PASS
tmta02b,NEUROPSYCHOLOGIE,PASS:float64,PARTIAL,identity,PASS,PASS,PASS,PASS:n/a,PASS:n/a,PASS,PASS
tmta03,NEUROPSYCHOLOGIE,PASS:Int16,PARTIAL,identity,WARN,PASS,PASS,"WARN:outside [0, 1, 2, 3, 4]: [117]","WARN:cohort value sets diverge: {'BP': {0, 1, 2, 3, 4}, 'SZ'",PASS,PASS
tmta04,NEUROPSYCHOLOGIE,PASS:Int16,PARTIAL,identity,WARN,PASS,PASS,"WARN:outside [0, 1, 2, 3, 4]: [7]","WARN:cohort value sets diverge: {'BP': {0, 1, 2, 3, 4}, 'SZ'",PASS,PASS
tmtb01,NEUROPSYCHOLOGIE,PASS:string,PARTIAL,identity,PASS,PASS,PASS,PASS:n/a,PASS:n/a,PASS,PASS
tmtb01a,NEUROPSYCHOLOGIE,PASS:string,PARTIAL,identity,PASS,PASS,PASS,PASS:n/a,PASS:n/a,PASS,PASS
tmtb01b,NEUROPSYCHOLOGIE,PASS:float64,PARTIAL,identity,PASS,PASS,PASS,PASS:n/a,PASS:n/a,PASS,PASS
tmtb02a,NEUROPSYCHOLOGIE,PASS:string,PARTIAL,identity,PASS,PASS,PASS,PASS:n/a,PASS:n/a,PASS,PASS
tmtb02b,NEUROPSYCHOLOGIE,PASS:float64,PARTIAL,identity,PASS,PASS,PASS,PASS:n/a,PASS:n/a,PASS,PASS
tmtb03,NEUROPSYCHOLOGIE,PASS:string,PARTIAL,identity,PASS,PASS,PASS,PASS:n/a,PASS:n/a,PASS,PASS
tmtb04,NEUROPSYCHOLOGIE,PASS:string,PARTIAL,identity,PASS,PASS,PASS,PASS:n/a,PASS:n/a,PASS,PASS
tmtb05,NEUROPSYCHOLOGIE,PASS:string,PARTIAL,identity,PASS,PASS,PASS,PASS:n/a,PASS:n/a,PASS,PASS
tmtb05a,NEUROPSYCHOLOGIE,PASS:string,PARTIAL,identity,PASS,PASS,PASS,PASS:n/a,PASS:n/a,PASS,PASS
tmtba01,NEUROPSYCHOLOGIE,PASS:float64,PARTIAL,identity,PASS,PASS,PASS,PASS:n/a,PASS:n/a,PASS,PASS
tmtba01a,NEUROPSYCHOLOGIE,PASS:string,PARTIAL,identity,PASS,PASS,PASS,PASS:n/a,PASS:n/a,PASS,PASS
tmtba01b,NEUROPSYCHOLOGIE,PASS:float64,PARTIAL,identity,PASS,PASS,PASS,PASS:n/a,PASS:n/a,PASS,PASS
tmtba02,NEUROPSYCHOLOGIE,PASS:float64,PARTIAL,identity,PASS,PASS,PASS,PASS:n/a,PASS:n/a,PASS,PASS
tmtba02a,NEUROPSYCHOLOGIE,PASS:string,PARTIAL,identity,PASS,PASS,PASS,PASS:n/a,PASS:n/a,PASS,PASS
tmtba02b,NEUROPSYCHOLOGIE,PASS:float64,PARTIAL,identity,PASS,PASS,PASS,PASS:n/a,PASS:n/a,PASS,PASS
cvlt05,NEUROPSYCHOLOGIE,PASS:float64,PARTIAL,identity,PASS,PASS,PASS,PASS:n/a,PASS:n/a,PASS,PASS
cvlt05z,NEUROPSYCHOLOGIE,PASS:string,PARTIAL,identity,PASS,PASS,PASS,PASS:n/a,PASS:n/a,PASS,PASS
cvlt06,NEUROPSYCHOLOGIE,PASS:float64,PARTIAL,identity,PASS,PASS,PASS,PASS:n/a,PASS:n/a,PASS,PASS
cvlt06z,NEUROPSYCHOLOGIE,PASS:float64,PARTIAL,identity,PASS,PASS,PASS,PASS:n/a,PASS:n/a,PASS,PASS
cvlt07,NEUROPSYCHOLOGIE,PASS:float64,PARTIAL,identity,PASS,PASS,PASS,PASS:n/a,PASS:n/a,PASS,PASS
cvlt07z,NEUROPSYCHOLOGIE,PASS:float64,PARTIAL,identity,PASS,PASS,PASS,PASS:n/a,PASS:n/a,PASS,PASS
cvlt08,NEUROPSYCHOLOGIE,PASS:float64,PARTIAL,identity,PASS,PASS,PASS,PASS:n/a,PASS:n/a,PASS,PASS
cvlt08z,NEUROPSYCHOLOGIE,PASS:string,PARTIAL,identity,PASS,PASS,PASS,PASS:n/a,PASS:n/a,PASS,PASS
cvlt09,NEUROPSYCHOLOGIE,PASS:float64,PARTIAL,identity,PASS,PASS,PASS,PASS:n/a,PASS:n/a,PASS,PASS
cvlt09z,NEUROPSYCHOLOGIE,PASS:string,PARTIAL,identity,PASS,PASS,PASS,PASS:n/a,PASS:n/a,PASS,PASS
cvlt10,NEUROPSYCHOLOGIE,PASS:float64,PARTIAL,identity,PASS,PASS,PASS,PASS:n/a,PASS:n/a,PASS,PASS
cvlt10z,NEUROPSYCHOLOGIE,PASS:string,PARTIAL,identity,PASS,PASS,PASS,PASS:n/a,PASS:n/a,PASS,PASS
cvlt11,NEUROPSYCHOLOGIE,PASS:float64,PARTIAL,identity,PASS,PASS,PASS,PASS:n/a,PASS:n/a,PASS,PASS
cvlt11z,NEUROPSYCHOLOGIE,PASS:string,PARTIAL,identity,PASS,PASS,PASS,PASS:n/a,PASS:n/a,PASS,PASS
cvlt12,NEUROPSYCHOLOGIE,PASS:string,PARTIAL,identity,PASS,PASS,PASS,PASS:n/a,PASS:n/a,PASS,PASS
cvlt12z,NEUROPSYCHOLOGIE,PASS:string,PARTIAL,identity,PASS,PASS,PASS,PASS:n/a,PASS:n/a,PASS,PASS
cvlt14,NEUROPSYCHOLOGIE,PASS:float64,PARTIAL,identity,PASS,PASS,PASS,PASS:n/a,PASS:n/a,PASS,PASS
cvlt15,NEUROPSYCHOLOGIE,PASS:float64,PARTIAL,identity,PASS,PASS,PASS,PASS:n/a,PASS:n/a,PASS,PASS
cvlt16,NEUROPSYCHOLOGIE,PASS:string,PARTIAL,identity,PASS,PASS,PASS,PASS:n/a,PASS:n/a,PASS,PASS
cvlt17,NEUROPSYCHOLOGIE,PASS:string,PARTIAL,identity,PASS,PASS,PASS,PASS:n/a,PASS:n/a,PASS,PASS
cvlt18,NEUROPSYCHOLOGIE,PASS:string,PARTIAL,identity,PASS,PASS,PASS,PASS:n/a,PASS:n/a,PASS,PASS
cvlt22,NEUROPSYCHOLOGIE,PASS:string,PARTIAL,identity,PASS,PASS,PASS,PASS:n/a,PASS:n/a,PASS,PASS
similtot_wais4,NEUROPSYCHOLOGIE,PASS:float64,PARTIAL,identity,PASS,PASS,PASS,PASS:n/a,PASS:n/a,PASS,PASS
similstd_wais4,NEUROPSYCHOLOGIE,PASS:float64,PARTIAL,identity,PASS,PASS,PASS,PASS:n/a,PASS:n/a,PASS,PASS
similcr_wais4,NEUROPSYCHOLOGIE,PASS:float64,PARTIAL,identity,PASS,PASS,PASS,PASS:n/a,PASS:n/a,PASS,PASS
mat_tot_w,NEUROPSYCHOLOGIE,PASS:float64,PARTIAL,identity,PASS,PASS,PASS,PASS:n/a,PASS:n/a,PASS,PASS
mat_std_w,NEUROPSYCHOLOGIE,PASS:float64,PARTIAL,identity,PASS,PASS,PASS,PASS:n/a,PASS:n/a,PASS,PASS
mat_cr_w,NEUROPSYCHOLOGIE,PASS:float64,PARTIAL,identity,PASS,PASS,PASS,PASS:n/a,PASS:n/a,PASS,PASS
nbrut_w,NEUROPSYCHOLOGIE,PASS:float64,PARTIAL,identity,PASS,PASS,PASS,PASS:n/a,PASS:n/a,PASS,PASS
nstand_w,NEUROPSYCHOLOGIE,PASS:float64,PARTIAL,identity,PASS,PASS,PASS,PASS:n/a,PASS:n/a,PASS,PASS
vstand_w,NEUROPSYCHOLOGIE,PASS:float64,PARTIAL,identity,PASS,PASS,PASS,PASS:n/a,PASS:n/a,PASS,PASS
mcod_w,NEUROPSYCHOLOGIE,PASS:float64,PARTIAL,identity,PASS,PASS,PASS,PASS:n/a,PASS:n/a,PASS,PASS
mcoi_w,NEUROPSYCHOLOGIE,PASS:float64,PARTIAL,identity,PASS,PASS,PASS,PASS:n/a,PASS:n/a,PASS,PASS
mcoc_w,NEUROPSYCHOLOGIE,PASS:string,PARTIAL,identity,PASS,PASS,PASS,PASS:n/a,PASS:n/a,PASS,PASS
mcodemp_w,NEUROPSYCHOLOGIE,PASS:float64,PARTIAL,identity,PASS,PASS,PASS,PASS:n/a,PASS:n/a,PASS,PASS
wais_mc_end_std_wais4,NEUROPSYCHOLOGIE,PASS:float64,PARTIAL,identity,PASS,PASS,PASS,PASS:n/a,PASS:n/a,PASS,PASS
mcoiemp_w,NEUROPSYCHOLOGIE,PASS:Int16,PARTIAL,identity,WARN,PASS,PASS,"WARN:outside [1, 2, 3, 4, 5, 6, 7, 8]: [9]","WARN:cohort value sets diverge: {'BP': {1, 2, 3, 4, 5, 6, 7,",PASS,PASS
wais_mc_env_std_wais4,NEUROPSYCHOLOGIE,PASS:float64,PARTIAL,identity,PASS,PASS,PASS,PASS:n/a,PASS:n/a,PASS,PASS
wais_mc_cro_wais4,NEUROPSYCHOLOGIE,PASS:Int16,PARTIAL,identity,WARN,PASS,PASS,"WARN:outside [1, 2, 3, 4, 5, 6, 7, 8]: [9]",PASS,PASS,PASS
wais_mc_cro_std_wais4,NEUROPSYCHOLOGIE,PASS:float64,PARTIAL,identity,PASS,PASS,PASS,PASS:n/a,PASS:n/a,PASS,PASS
empdid_w,NEUROPSYCHOLOGIE,PASS:float64,PARTIAL,identity,PASS,PASS,PASS,PASS:n/a,PASS:n/a,PASS,PASS
code01_wais4,NEUROPSYCHOLOGIE,PASS:string,PARTIAL,identity,PASS,PASS,PASS,PASS:n/a,PASS:n/a,PASS,PASS
code02_wais4,NEUROPSYCHOLOGIE,PASS:float64,PARTIAL,identity,PASS,PASS,PASS,PASS:n/a,PASS:n/a,PASS,PASS
code03_wais4,NEUROPSYCHOLOGIE,PASS:float64,PARTIAL,identity,PASS,PASS,PASS,PASS:n/a,PASS:n/a,PASS,PASS
code04_wais4,NEUROPSYCHOLOGIE,PASS:float64,PARTIAL,identity,PASS,PASS,PASS,PASS:n/a,PASS:n/a,PASS,PASS
code05_wais4,NEUROPSYCHOLOGIE,PASS:float64,PARTIAL,identity,PASS,PASS,PASS,PASS:n/a,PASS:n/a,PASS,PASS
ivt04_wais4,NEUROPSYCHOLOGIE,PASS:float64,PARTIAL,identity,PASS,PASS,PASS,PASS:n/a,PASS:n/a,PASS,PASS
ivt01_wais4,NEUROPSYCHOLOGIE,PASS:float64,PARTIAL,identity,PASS,PASS,PASS,PASS:n/a,PASS:n/a,PASS,PASS
ivt02_wais4,NEUROPSYCHOLOGIE,PASS:string,PARTIAL,identity,PASS,PASS,PASS,PASS:n/a,PASS:n/a,PASS,PASS
fv01,NEUROPSYCHOLOGIE,PASS:float64,PARTIAL,identity,PASS,PASS,PASS,PASS:n/a,PASS:n/a,PASS,PASS
fv02,NEUROPSYCHOLOGIE,PASS:float64,PARTIAL,identity,PASS,PASS,PASS,PASS:n/a,PASS:n/a,PASS,PASS
fv03,NEUROPSYCHOLOGIE,PASS:string,PARTIAL,identity,PASS,PASS,PASS,PASS:n/a,PASS:n/a,PASS,PASS
fv04,NEUROPSYCHOLOGIE,PASS:float64,PARTIAL,identity,PASS,PASS,PASS,PASS:n/a,PASS:n/a,PASS,PASS
fv05,NEUROPSYCHOLOGIE,PASS:float64,PARTIAL,identity,PASS,PASS,PASS,PASS:n/a,PASS:n/a,PASS,PASS
fv06,NEUROPSYCHOLOGIE,PASS:Int16,PARTIAL,identity,WARN,PASS,PASS,"WARN:outside [0, 1, 2, 3, 4, 10]: [5, 6]","WARN:cohort value sets diverge: {'BP': {0, 1, 2, 3, 4, 10}, ",PASS,PASS
fv07,NEUROPSYCHOLOGIE,PASS:Int16,PARTIAL,identity,WARN,PASS,PASS,"WARN:outside [0, 1, 2, 3, 4, 5, 6, 7]: [25]","WARN:cohort value sets diverge: {'BP': {0, 1, 2, 3, 4, 5, 6,",PASS,PASS
fv08,NEUROPSYCHOLOGIE,PASS:float64,PARTIAL,identity,PASS,PASS,PASS,PASS:n/a,PASS:n/a,PASS,PASS
fv12,NEUROPSYCHOLOGIE,PASS:float64,PARTIAL,identity,PASS,PASS,PASS,PASS:n/a,PASS:n/a,PASS,PASS
fv13,NEUROPSYCHOLOGIE,PASS:float64,PARTIAL,identity,PASS,PASS,PASS,PASS:n/a,PASS:n/a,PASS,PASS
fv14,NEUROPSYCHOLOGIE,PASS:string,PARTIAL,identity,PASS,PASS,PASS,PASS:n/a,PASS:n/a,PASS,PASS
fv15,NEUROPSYCHOLOGIE,PASS:float64,PARTIAL,identity,PASS,PASS,PASS,PASS:n/a,PASS:n/a,PASS,PASS
fv16,NEUROPSYCHOLOGIE,PASS:float64,PARTIAL,identity,PASS,PASS,PASS,PASS:n/a,PASS:n/a,PASS,PASS
fv17,NEUROPSYCHOLOGIE,PASS:Int16,PARTIAL,identity,WARN,PASS,PASS,"WARN:outside [0, 1, 2, 3, 4, 5, 6, 11]: [7, 9, 15]","WARN:cohort value sets diverge: {'BP': {0, 1, 2, 3, 4, 5, 6,",PASS,PASS
fv18,NEUROPSYCHOLOGIE,PASS:Int16,PARTIAL,identity,WARN,PASS,PASS,PASS,"WARN:cohort value sets diverge: {'BP': {0, 1, 2, 3, 4, 17}, ",PASS,PASS
fv19,NEUROPSYCHOLOGIE,PASS:float64,PARTIAL,identity,PASS,PASS,PASS,PASS:n/a,PASS:n/a,PASS,PASS
com01,NEUROPSYCHOLOGIE,PASS:string,PARTIAL,identity,PASS,PASS,PASS,PASS:n/a,PASS:n/a,PASS,PASS
com01s1,NEUROPSYCHOLOGIE,PASS:string,PARTIAL,identity,PASS,PASS,PASS,PASS:n/a,PASS:n/a,PASS,PASS
com01s2,NEUROPSYCHOLOGIE,PASS:float64,PARTIAL,identity,PASS,PASS,PASS,PASS:n/a,PASS:n/a,PASS,PASS
com02,NEUROPSYCHOLOGIE,PASS:Int16,PARTIAL,identity,PASS,PASS,PASS,PASS,PASS,PASS,PASS
com02s1,NEUROPSYCHOLOGIE,PASS:string,PARTIAL,identity,PASS,PASS,PASS,PASS:n/a,PASS:n/a,PASS,PASS
com02s2,NEUROPSYCHOLOGIE,PASS:float64,PARTIAL,identity,PASS,PASS,PASS,PASS:n/a,PASS:n/a,PASS,PASS
com03,NEUROPSYCHOLOGIE,PASS:Int16,PARTIAL,identity,WARN,PASS,PASS,PASS,"WARN:cohort value sets diverge: {'BP': {0, 1, 2, 3, 75}, 'SZ",PASS,PASS
com03s1,NEUROPSYCHOLOGIE,PASS:string,PARTIAL,identity,PASS,PASS,PASS,PASS:n/a,PASS:n/a,PASS,PASS
com03s2,NEUROPSYCHOLOGIE,PASS:float64,PARTIAL,identity,PASS,PASS,PASS,PASS:n/a,PASS:n/a,PASS,PASS
com04,NEUROPSYCHOLOGIE,PASS:Int16,PARTIAL,identity,WARN,PASS,PASS,PASS,"WARN:cohort value sets diverge: {'BP': {0, 1, 2}, 'SZ': {0, ",PASS,PASS
com04s1,NEUROPSYCHOLOGIE,PASS:string,PARTIAL,identity,PASS,PASS,PASS,PASS:n/a,PASS:n/a,PASS,PASS
com04s2,NEUROPSYCHOLOGIE,PASS:float64,PARTIAL,identity,PASS,PASS,PASS,PASS:n/a,PASS:n/a,PASS,PASS
com04s3,NEUROPSYCHOLOGIE,PASS:float64,PARTIAL,identity,PASS,PASS,PASS,PASS:n/a,PASS:n/a,PASS,PASS
com04s4,NEUROPSYCHOLOGIE,PASS:string,PARTIAL,identity,PASS,PASS,PASS,PASS:n/a,PASS:n/a,PASS,PASS
com04s5,NEUROPSYCHOLOGIE,PASS:string,PARTIAL,identity,PASS,PASS,PASS,PASS:n/a,PASS:n/a,PASS,PASS
agetrt,EVALUATION MEDICALE,PASS:float64,READY,identity,PASS,PASS,PASS,PASS:n/a,PASS:n/a,PASS,PASS
agedebutpremier_episode,EVALUATION MEDICALE,PASS:float64,READY,identity,PASS,PASS,PASS,PASS:n/a,PASS:n/a,PASS,PASS
cetermpremier_episode,EVALUATION MEDICALE,PASS:Int16,PARTIAL,registered,WARN,PASS,PASS,"WARN:outside [0, 1, 7, 8, 9]: [2, 3, 4, 5, 6]","WARN:cohort value sets diverge: {'BP': {1, 2, 3, 4, 5, 6, 7}",PASS,PASS
ppartpremier_episode,EVALUATION MEDICALE,PASS:Int8,PARTIAL,registered,PASS,PASS,PASS,PASS,PASS,PASS,PASS
remisc,EVALUATION MEDICALE,PASS:Int8,PARTIAL,identity,PASS,PASS,PASS,PASS,PASS,PASS,PASS
saison,EVALUATION MEDICALE,PASS:Int8,PARTIAL,identity,PASS,PASS,PASS,PASS,PASS,PASS,PASS
cedecodtrouble_humeur_actuel,EVALUATION MEDICALE,PASS:Int8,PARTIAL,identity,PASS,PASS,PASS,PASS,PASS,PASS,PASS
cesevtrouble_humeur_actuel,EVALUATION MEDICALE,PASS:Int16,PARTIAL,registered,WARN,PASS,PASS,"WARN:outside [0, 1, 2, 3, 4]: [5]","WARN:cohort value sets diverge: {'BP': {1, 2, 3, 4, 5}, 'DR'",PASS,PASS
chrontrouble_humeur_actuel,EVALUATION MEDICALE,PASS:Int8,PARTIAL,identity,PASS,PASS,PASS,PASS,PASS,PASS,PASS
pparttrouble_humeur_actuel,EVALUATION MEDICALE,PASS:Int8,PARTIAL,identity,PASS,PASS,PASS,PASS,PASS,PASS,PASS
migraine_mhoccur,ANTECEDENTS,PASS:Int8,READY,identity,PASS,PASS,PASS,PASS,PASS,PASS,PASS
sep_mhoccur,ANTECEDENTS,PASS:Int8,READY,identity,PASS,PASS,PASS,PASS,PASS,PASS,PASS
epilepsie_mhoccur,ANTECEDENTS,PASS:Int8,READY,identity,PASS,PASS,PASS,PASS,PASS,PASS,PASS
traumacra_mhoccur,ANTECEDENTS,PASS:Int8,READY,identity,PASS,PASS,PASS,PASS,PASS,PASS,PASS
avc_mhoccur,ANTECEDENTS,PASS:Int8,READY,identity,PASS,PASS,PASS,PASS,PASS,PASS,PASS
autneuro_mhoccur,ANTECEDENTS,PASS:Int8,READY,identity,PASS,PASS,PASS,PASS,PASS,PASS,PASS
autneuro_mhmodify,ANTECEDENTS,PASS:string,READY,identity,PASS,PASS,PASS,PASS:n/a,PASS:n/a,PASS,PASS
hta_mhoccur,ANTECEDENTS,PASS:Int8,READY,identity,PASS,PASS,PASS,PASS,PASS,PASS,PASS
coronar_mhoccur,ANTECEDENTS,PASS:Int8,READY,identity,PASS,PASS,PASS,PASS,PASS,PASS,PASS
infarctus_mhoccur,ANTECEDENTS,PASS:Int8,READY,identity,PASS,PASS,PASS,PASS,PASS,PASS,PASS
trbrycard_mhoccur,ANTECEDENTS,PASS:Int8,READY,identity,PASS,PASS,PASS,PASS,PASS,PASS,PASS
autcardv_mhoccur,ANTECEDENTS,PASS:Int8,READY,identity,PASS,PASS,PASS,PASS,PASS,PASS,PASS
autcardv_mhmodify,ANTECEDENTS,PASS:string,READY,identity,PASS,PASS,PASS,PASS:n/a,PASS:n/a,PASS,PASS
autendoc_mhoccur,ANTECEDENTS,PASS:Int8,READY,identity,PASS,PASS,PASS,PASS,PASS,PASS,PASS
dysthyro_mhmodify,ANTECEDENTS,PASS:Int8,READY,registered,WARN,PASS,PASS,"WARN:outside [0, 1]: [2]","WARN:cohort value sets diverge: {'BP': {1, 2}, 'SZ': {1, 2},",PASS,PASS
acne_mhoccur,ANTECEDENTS,PASS:Int8,READY,identity,PASS,PASS,PASS,PASS,PASS,PASS,PASS
eczema_mhoccur,ANTECEDENTS,PASS:Int8,READY,identity,PASS,PASS,PASS,PASS,PASS,PASS,PASS
toxidermi_mhoccur,ANTECEDENTS,PASS:Int8,READY,identity,PASS,PASS,PASS,PASS,PASS,PASS,PASS
toxidermi_mhmodify,ANTECEDENTS,PASS:category,PARTIAL,identity,PASS,PASS,PASS,PASS:n/a,PASS:n/a,PASS,PASS
cheveux_mhoccur,ANTECEDENTS,PASS:Int8,READY,identity,PASS,PASS,PASS,PASS,PASS,PASS,PASS
psoriasis_mhoccur,ANTECEDENTS,PASS:Int8,READY,identity,PASS,PASS,PASS,PASS,PASS,PASS,PASS
somat_all,ANTECEDENTS,PASS:Int8,READY,identity,PASS,PASS,PASS,PASS,PASS,PASS,PASS
asthme_mhoccur,ANTECEDENTS,PASS:Int8,READY,registered,WARN,PASS,PASS,PASS,"WARN:cohort value sets diverge: {'BP': {0, 1}, 'SZ': {1}, 'D",PASS,PASS
allergie_mhoccur,ANTECEDENTS,PASS:Int8,READY,registered,WARN,PASS,PASS,PASS,"WARN:cohort value sets diverge: {'BP': {0, 1}, 'SZ': {1}, 'D",PASS,PASS
lupus_mhoccur,ANTECEDENTS,PASS:Int16,READY,registered,PASS,PASS,PASS,PASS,PASS,PASS,PASS
polyarthr_mhoccur,ANTECEDENTS,PASS:Int8,READY,identity,WARN,PASS,PASS,PASS,"WARN:cohort value sets diverge: {'BP': {0, 1}, 'SZ': {0}, 'D",PASS,PASS
inflachro_mhoccur,ANTECEDENTS,PASS:Int8,READY,identity,PASS,PASS,PASS,PASS,PASS,PASS,PASS
inflachro_mhmodify,ANTECEDENTS,PASS:Int8,READY,registered,WARN,PASS,PASS,"WARN:outside [0, 1]: [2]",PASS,PASS,PASS
cirrhose_mhoccur,ANTECEDENTS,PASS:Int8,READY,identity,WARN,PASS,PASS,PASS,"WARN:cohort value sets diverge: {'BP': {0, 1}, 'SZ': {0}, 'D",PASS,PASS
ulcgasduo_mhoccur,ANTECEDENTS,PASS:Int8,READY,identity,PASS,PASS,PASS,PASS,PASS,PASS,PASS
hepmedic_mhoccur,ANTECEDENTS,PASS:Int8,READY,identity,PASS,PASS,PASS,PASS,PASS,PASS,PASS
vih_mhoccur,ANTECEDENTS,PASS:Int8,READY,identity,WARN,PASS,PASS,PASS,"WARN:cohort value sets diverge: {'BP': {0, 1}, 'SZ': {0, 1},",PASS,PASS
hvc_mhoccur,ANTECEDENTS,PASS:Int8,READY,identity,PASS,PASS,PASS,PASS,PASS,PASS,PASS
hvc_mhmodify,ANTECEDENTS,PASS:category,PARTIAL,registered,PASS,PASS,PASS,PASS:n/a,PASS:n/a,PASS,PASS
genetique_mhoccur,ANTECEDENTS,PASS:Int8,READY,identity,PASS,PASS,PASS,PASS,PASS,PASS,PASS
genetique_mhmodify,ANTECEDENTS,PASS:string,READY,identity,PASS,PASS,PASS,PASS:n/a,PASS:n/a,PASS,PASS
pregnn_rporres,ANTECEDENTS,PASS:float64,READY,identity,PASS,PASS,PASS,PASS:n/a,PASS:n/a,PASS,PASS
menostat_rporres,ANTECEDENTS,PASS:Int8,READY,identity,PASS,PASS,PASS,PASS,PASS,PASS,PASS
hormonal_rporres,ANTECEDENTS,PASS:Int8,READY,identity,WARN,PASS,PASS,PASS,"WARN:cohort value sets diverge: {'BP': {0, 1}, 'SZ': {0}, 'D",PASS,PASS
mere_structure,ANTECEDENTS,PASS:Int8,READY,identity,PASS,PASS,PASS,PASS,PASS,PASS,PASS
mere_trouble,ANTECEDENTS,PASS:Int16,PARTIAL,registered,WARN,PASS,PASS,"WARN:outside [0, 1, 2]: [3]","WARN:cohort value sets diverge: {'BP': {0, 1, 2, 3}, 'SZ': {",PASS,PASS
mere_suicide,ANTECEDENTS,PASS:Int16,READY,registered,WARN,PASS,PASS,PASS,"WARN:cohort value sets diverge: {'BP': {0, 1, 2}, 'SZ': {0, ",PASS,PASS
pere_structure,ANTECEDENTS,PASS:Int8,READY,identity,PASS,PASS,PASS,PASS,PASS,PASS,PASS
pere_trouble,ANTECEDENTS,PASS:Int16,PARTIAL,registered,WARN,PASS,PASS,"WARN:outside [0, 1, 2]: [3]","WARN:cohort value sets diverge: {'BP': {0, 1, 2, 3}, 'SZ': {",PASS,PASS
pere_suicide,ANTECEDENTS,PASS:Int16,READY,registered,WARN,PASS,PASS,PASS,"WARN:cohort value sets diverge: {'BP': {0, 1, 2}, 'SZ': {0, ",PASS,PASS
agedebut_hospitalisation,SOIN SUIVI HOSP ARRET TRAVAIL,PASS:float64,READY,identity,PASS,PASS,PASS,PASS:n/a,PASS:n/a,PASS,PASS
nboccur_hospitalisation_lt,SOIN SUIVI HOSP ARRET TRAVAIL,PASS:float64,READY,identity,PASS,PASS,PASS,PASS:n/a,PASS:n/a,PASS,PASS
hodur_hospitalisation_lt,SOIN SUIVI HOSP ARRET TRAVAIL,PASS:float64,READY,identity,PASS,PASS,PASS,PASS:n/a,PASS:n/a,PASS,PASS
hooccur_arret_travail_actuel,SOIN SUIVI HOSP ARRET TRAVAIL,PASS:Int8,READY,identity,PASS,PASS,PASS,PASS,PASS,PASS,PASS
hooccur_arret_travail,SOIN SUIVI HOSP ARRET TRAVAIL,PASS:Int8,PARTIAL,identity,PASS,PASS,PASS,PASS,PASS,PASS,PASS
hodur_arret_travail,SOIN SUIVI HOSP ARRET TRAVAIL,PASS:float64,PARTIAL,identity,PASS,PASS,PASS,PASS:n/a,PASS:n/a,PASS,PASS
hodur_arret_travail_actuel,SOIN SUIVI HOSP ARRET TRAVAIL,PASS:Int8,PARTIAL,identity,PASS,PASS,PASS,PASS,PASS,PASS,PASS
maristat,SOCIAL,PASS:Int16,READY,identity,WARN,PASS,PASS,PASS,"WARN:cohort value sets diverge: {'BP': {1, 2, 3, 4, 5}, 'SZ'",PASS,PASS
edulevel,SOCIAL,PASS:float64,READY,identity,PASS,PASS,PASS,PASS:n/a,PASS:n/a,PASS,PASS
stprof,SOCIAL,PASS:Int16,READY,identity,WARN,PASS,PASS,"WARN:outside [0, 1, 2, 4, 5, 6]: [3]","WARN:cohort value sets diverge: {'BP': {0, 1, 2, 4, 5, 6}, '",PASS,PASS
jobdur,SOCIAL,PASS:float64,READY,registered,PASS,PASS,PASS,PASS:n/a,PASS:n/a,PASS,PASS
jobclas,SOCIAL,PASS:Int8,READY,identity,PASS,PASS,PASS,PASS,PASS,PASS,PASS
empjob,SOCIAL,PASS:Int16,READY,identity,WARN,PASS,PASS,"WARN:outside [1, 4, 5]: [0, 2, 3, 6, 8]","WARN:cohort value sets diverge: {'BP': {1, 4, 5}, 'SZ': {4, ",PASS,PASS
lvsbjind,SOCIAL,PASS:Int16,READY,registered,WARN,PASS,PASS,PASS,"WARN:cohort value sets diverge: {'BP': {1, 2, 3, 4, 5, 6, 7,",PASS,PASS
