item,factor,home,block,likelihood_family,kind,loading,abs_loading,ci_low,ci_high,excludes_zero
agepere,overall_severity,developmental_risk,continuous,gaussian,bifactor_G,0.024375852851383745,0.024375852851383745,-0.025530274212443926,0.07240223332111975,False
agepere,developmental_risk,developmental_risk,continuous,gaussian,primary,0.015316697639316746,0.015316697639316746,0.0005954815521871863,0.059176987740038205,True
alp_lbstresc,overall_severity,metabolic,continuous,lognormal,bifactor_G,0.022583475864813893,0.022583475864813893,-0.0391302166586801,0.08719448653741896,False
alp_lbstresc,metabolic,metabolic,continuous,lognormal,primary,0.31634234449453447,0.31634234449453447,0.006922053176815177,0.4217854828146741,True
alp_lbstresc,inflammatory,metabolic,continuous,lognormal,cross,0.040727196302799126,0.040727196302799126,-0.06694489718238687,0.4140659531599325,False
alt_lbstresc,overall_severity,metabolic,continuous,lognormal,bifactor_G,-0.06388390066730479,0.06388390066730479,-0.1234310700794952,-0.004404427213018506,True
alt_lbstresc,metabolic,metabolic,continuous,lognormal,primary,0.3012490351035312,0.3012490351035312,0.02156227476740504,0.3995464504886743,True
alt_lbstresc,inflammatory,metabolic,continuous,lognormal,cross,-0.01996477555255404,0.01996477555255404,-0.12323591630835012,0.38090129399772427,False
altman,overall_severity,mania_activation,continuous,gaussian,bifactor_G,-0.25457692597956455,0.25457692597956455,-0.30674195944828114,-0.20123704783772636,True
altman,mania_activation,mania_activation,continuous,gaussian,primary,0.44124686563671556,0.44124686563671556,0.3231541942624825,0.5634767202746519,True
apgr0106_1min,overall_severity,developmental_risk,continuous,gaussian,bifactor_G,0.011702281786229306,0.011702281786229306,-0.06507290300663433,0.08642181584954767,False
apgr0106_1min,developmental_risk,developmental_risk,continuous,gaussian,primary,0.0767169738871408,0.0767169738871408,0.0054680291452207375,0.18439681633404248,True
ast_lbstresc,overall_severity,metabolic,continuous,lognormal,bifactor_G,-0.08956755831811276,0.08956755831811276,-0.15424409147569743,-0.023810896333860222,True
ast_lbstresc,metabolic,metabolic,continuous,lognormal,primary,0.20155377538355174,0.20155377538355174,0.03082226256252,0.3036512282506204,True
ast_lbstresc,inflammatory,metabolic,continuous,lognormal,cross,-0.04079486580989457,0.04079486580989457,-0.14218581639896197,0.27743327537081647,False
autneuro_mhoccur,overall_severity,developmental_risk,explicit,bernoulli,bifactor_G,0.021600475676332317,0.021600475676332317,-0.07635121828127478,0.11857609774749242,False
autneuro_mhoccur,developmental_risk,developmental_risk,explicit,bernoulli,primary,0.24928973353474704,0.24928973353474704,0.027438329905476462,0.5440731500301845,True
baso_lbstresc,overall_severity,inflammatory,continuous,lognormal,bifactor_G,-0.03519980288892082,0.03519980288892082,-0.09295830291835397,0.02395583571877962,False
baso_lbstresc,metabolic,inflammatory,continuous,lognormal,cross,0.0024140970953298716,0.0024140970953298716,-0.282853721140569,0.11353936407722325,False
baso_lbstresc,inflammatory,inflammatory,continuous,lognormal,primary,0.25004808203875994,0.25004808203875994,0.016951549800379617,0.3564336045395475,True
bili_lbstresc,overall_severity,metabolic,continuous,lognormal,bifactor_G,0.00805549130117619,0.00805549130117619,-0.05634165756776184,0.07379902299368936,False
bili_lbstresc,metabolic,metabolic,continuous,lognormal,primary,0.016951748659994374,0.016951748659994374,0.0006294949574319814,0.09821204162623885,True
bili_lbstresc,inflammatory,metabolic,continuous,lognormal,cross,-0.10891390406132581,0.10891390406132581,-0.18348964244352128,-0.03282100325482094,True
bmi,overall_severity,metabolic,continuous,gaussian,bifactor_G,0.04582217968884682,0.04582217968884682,-0.005285203656476462,0.09663639609319087,False
bmi,metabolic,metabolic,continuous,gaussian,primary,1.2285196721936,1.2285196721936,0.74913165617876,1.4008579670538455,True
bmi,inflammatory,metabolic,continuous,gaussian,cross,-0.7576827698249302,0.7576827698249302,-0.9244294676829631,1.322738444984572,False
brthcirc,overall_severity,developmental_risk,continuous,gaussian,bifactor_G,-0.02146983060550474,0.02146983060550474,-0.10812737950418341,0.06533543672840425,False
brthcirc,developmental_risk,developmental_risk,continuous,gaussian,primary,0.056748105034706606,0.056748105034706606,0.002773894054405023,0.17972163614719194,True
brthht,overall_severity,developmental_risk,continuous,gaussian,bifactor_G,-0.004611710211134046,0.004611710211134046,-0.08568821128208771,0.07592858138788164,False
brthht,developmental_risk,developmental_risk,continuous,gaussian,primary,0.027873538486430427,0.027873538486430427,0.001068442603474577,0.1137115096348957,True
cgi01,overall_severity,overall_severity,continuous,gaussian,g_anchor,0.595217819860736,0.595217819860736,0.5583791813983929,0.6353055386096492,True
chol,overall_severity,metabolic,continuous,gaussian,bifactor_G,-0.009640942413528406,0.009640942413528406,-0.0635965980300694,0.043179989535492035,False
chol,metabolic,metabolic,continuous,gaussian,primary,0.1428687405606519,0.1428687405606519,0.0036930937844189557,0.22588637495367628,True
chol,inflammatory,metabolic,continuous,gaussian,cross,0.04092488604789425,0.04092488604789425,-0.043194181749428774,0.221615809200006,False
cholhdl_lbstresc,overall_severity,metabolic,continuous,gaussian,bifactor_G,0.09106991591956423,0.09106991591956423,0.02743945225522308,0.15469667461354128,True
cholhdl_lbstresc,metabolic,metabolic,continuous,gaussian,primary,0.39648478933319287,0.39648478933319287,0.10715081489784194,0.4949976699327916,True
cholhdl_lbstresc,inflammatory,metabolic,continuous,gaussian,cross,-0.11746432622271533,0.11746432622271533,-0.22158678527773554,0.46643113133113223,False
creat_lbstresc,overall_severity,metabolic,continuous,lognormal,bifactor_G,-0.02408546322039271,0.02408546322039271,-0.07586079007171566,0.029618503008055883,False
creat_lbstresc,metabolic,metabolic,continuous,lognormal,primary,0.11877568922188368,0.11877568922188368,0.042462700834676376,0.20092229132622813,True
creat_lbstresc,inflammatory,metabolic,continuous,lognormal,cross,-0.0768661881420036,0.0768661881420036,-0.170601310469965,0.170493434857961,False
crp,overall_severity,inflammatory,continuous,lognormal,bifactor_G,0.05909678899208277,0.05909678899208277,0.002668502012523112,0.1162464817961847,True
crp,metabolic,inflammatory,continuous,lognormal,cross,0.3590032287432551,0.3590032287432551,0.09602542562848876,0.4212530400770424,True
crp,inflammatory,inflammatory,continuous,lognormal,primary,0.011821033741649672,0.011821033741649672,0.0003572781629653945,0.5257628145545946,True
csm,overall_severity,sleep,continuous,gaussian,bifactor_G,0.27342782645071384,0.27342782645071384,0.2156245708463528,0.3319018012397319,True
csm,sleep,sleep,continuous,gaussian,primary,0.11147465797408962,0.11147465797408962,0.050302455141846204,0.172311559582761,True
ctq29,overall_severity,developmental_risk,continuous,gaussian,bifactor_G,0.009834856723612711,0.009834856723612711,-0.026851863866636773,0.048029426255768407,False
ctq29,developmental_risk,developmental_risk,continuous,gaussian,primary,0.44519068688044544,0.44519068688044544,0.41012744069111,0.481812235717837,True
ctq31,overall_severity,developmental_risk,continuous,gaussian,bifactor_G,0.13958167083589137,0.13958167083589137,0.09908232814024574,0.1807434439398917,True
ctq31,developmental_risk,developmental_risk,continuous,gaussian,primary,0.6818731396890373,0.6818731396890373,0.6422490559853524,0.7227417877812717,True
ctq33,overall_severity,developmental_risk,continuous,gaussian,bifactor_G,0.257330950974081,0.257330950974081,0.22045060788608276,0.29532986427402524,True
ctq33,developmental_risk,developmental_risk,continuous,gaussian,primary,0.5549365665170101,0.5549365665170101,0.5190951774612541,0.5921114120127096,True
ctq35,overall_severity,developmental_risk,continuous,gaussian,bifactor_G,-0.024571212524599727,0.024571212524599727,-0.06067624728999636,0.009912228024642596,False
ctq35,developmental_risk,developmental_risk,continuous,gaussian,primary,0.33777437119245757,0.33777437119245757,0.3045368470324244,0.3728552111711005,True
ctq37,overall_severity,developmental_risk,continuous,gaussian,bifactor_G,0.01632035109871725,0.01632035109871725,-0.022096733456837075,0.05645284336294055,False
ctq37,developmental_risk,developmental_risk,continuous,gaussian,primary,0.6281373880275307,0.6281373880275307,0.5928242817796595,0.6652085987467802,True
ctq39,overall_severity,developmental_risk,continuous,gaussian,bifactor_G,0.1596210663813939,0.1596210663813939,0.12461525069780645,0.1949153855507673,True
ctq39,developmental_risk,developmental_risk,continuous,gaussian,primary,0.8449492250881547,0.8449492250881547,0.8163906258699205,0.8743632735721604,True
ctq40,overall_severity,developmental_risk,explicit,ordered_logistic,bifactor_G,-0.020023280545212872,0.020023280545212872,-0.09795925172763557,0.05732476749930473,False
ctq40,developmental_risk,developmental_risk,explicit,ordered_logistic,primary,0.0031125919818867608,0.0031125919818867608,0.00011055718205187255,0.01720425727565833,True
ctq41,overall_severity,developmental_risk,explicit,bernoulli,bifactor_G,-0.03912157430554519,0.03912157430554519,-0.11774762454754714,0.044017702238440475,False
ctq41,developmental_risk,developmental_risk,explicit,bernoulli,primary,0.003507276640375032,0.003507276640375032,0.00011327603221902278,0.01907343357808927,True
cvlt_long_delay_free_recall,overall_severity,cognition,continuous,gaussian,bifactor_G,0.0753206861419203,0.0753206861419203,0.007909867666591972,0.1386260918719799,True
cvlt_long_delay_free_recall,cognition,cognition,continuous,gaussian,primary,0.8745035892330353,0.8745035892330353,0.8274647668098528,0.9246736430568859,True
cvlt_short_delay_free_recall,overall_severity,cognition,continuous,gaussian,bifactor_G,0.08250051052055916,0.08250051052055916,0.015248985617125118,0.14824465806432122,True
cvlt_short_delay_free_recall,cognition,cognition,continuous,gaussian,primary,0.9007785211661501,0.9007785211661501,0.852973696708269,0.9514371254954369,True
cvlt_total_recall,overall_severity,cognition,continuous,gaussian,bifactor_G,0.0976273746015183,0.0976273746015183,0.031081637347774176,0.16261003855553952,True
cvlt_total_recall,cognition,cognition,continuous,gaussian,primary,0.832098507732676,0.832098507732676,0.7831850567275258,0.8835012414902421,True
diabpstanding,overall_severity,metabolic,continuous,gaussian,bifactor_G,-0.00018143051074341788,0.00018143051074341788,-0.06146557619457882,0.06325468219791049,False
diabpstanding,metabolic,metabolic,continuous,gaussian,primary,0.25973477041392223,0.25973477041392223,0.10566984084721134,0.36380289341933447,True
diabpstanding,inflammatory,metabolic,continuous,gaussian,cross,-0.1209750777012483,0.1209750777012483,-0.2265591038670149,0.32833611393960854,False
diabpsupine,overall_severity,metabolic,continuous,gaussian,bifactor_G,0.0573215127494935,0.0573215127494935,0.009757142697560017,0.10558073356437454,True
diabpsupine,metabolic,metabolic,continuous,gaussian,primary,0.2568647498719971,0.2568647498719971,0.09892330519838216,0.33804979970345445,True
diabpsupine,inflammatory,metabolic,continuous,gaussian,cross,-0.10933258174691135,0.10933258174691135,-0.193347992514719,0.3111748765622195,False
egf,overall_severity,overall_severity,continuous,gaussian,g_anchor,0.6377092698424545,0.6377092698424545,0.5994276567774282,0.6761644123536318,True
eghrmn,overall_severity,metabolic,continuous,gaussian,bifactor_G,0.15300994113514185,0.15300994113514185,0.08682308665115952,0.22039713679793402,True
eghrmn,metabolic,metabolic,continuous,gaussian,primary,0.19736103358783186,0.19736103358783186,0.02608502870908483,0.30511141301305184,True
eghrmn,inflammatory,metabolic,continuous,gaussian,cross,-0.03346211044911454,0.03346211044911454,-0.148123244743998,0.27451767906948427,False
eos,overall_severity,inflammatory,continuous,lognormal,bifactor_G,-0.11528510391521377,0.11528510391521377,-0.1684035210867422,-0.06126012726064825,True
eos,metabolic,inflammatory,continuous,lognormal,cross,0.06987062488002271,0.06987062488002271,-0.24330130277320813,0.17482608687456858,False
eos,inflammatory,inflammatory,continuous,lognormal,primary,0.2140190984530963,0.2140190984530963,0.07573682992932591,0.3114968546452715,True
epilepsie_mhoccur,overall_severity,developmental_risk,explicit,bernoulli,bifactor_G,0.022109912334490875,0.022109912334490875,-0.07194006422095574,0.1162040607526688,False
epilepsie_mhoccur,developmental_risk,developmental_risk,explicit,bernoulli,primary,0.1473281374894014,0.1473281374894014,0.008090283637633278,0.41887253800027696,True
eq5d,overall_severity,overall_severity,continuous,gaussian,g_anchor,0.6385934380891075,0.6385934380891075,0.5716713528725091,0.7030055267886754,True
eq5d0206,overall_severity,overall_severity,continuous,gaussian,g_anchor,0.6125715653508164,0.6125715653508164,0.5659391609106592,0.6620419880424122,True
ess0109,overall_severity,sleep,continuous,gaussian,bifactor_G,0.13965163366658667,0.13965163366658667,0.074433826772026,0.2035478575121777,True
ess0109,sleep,sleep,continuous,gaussian,primary,0.059534378882917086,0.059534378882917086,0.007575450323220058,0.12239046498111539,True
fagers,overall_severity,substance,continuous,gaussian,bifactor_G,0.12264755113878287,0.12264755113878287,0.06679102804676937,0.18006731350088268,True
fagers,substance,substance,continuous,gaussian,primary,0.6079738579180937,0.6079738579180937,0.4943445182440914,0.7253925383502867,True
fast,overall_severity,overall_severity,continuous,gaussian,g_anchor,0.9079723772418823,0.9079723772418823,0.8645450898163779,0.9525053643106645,True
fast25,overall_severity,overall_severity,continuous,gaussian,g_anchor,0.7377289639291909,0.7377289639291909,0.6925224682979648,0.7831998432091845,True
fast26,overall_severity,overall_severity,continuous,gaussian,g_anchor,0.4492165212240287,0.4492165212240287,0.40806424276077613,0.49135946304551587,True
fast27,overall_severity,overall_severity,continuous,gaussian,g_anchor,0.6840599793433448,0.6840599793433448,0.6336134057077574,0.7373251956176838,True
fast28,overall_severity,overall_severity,continuous,gaussian,g_anchor,0.3172468445967728,0.3172468445967728,0.26849827483986705,0.36855916349548906,True
fast30,overall_severity,overall_severity,continuous,gaussian,g_anchor,0.6453932399501793,0.6453932399501793,0.6016386254571221,0.6910510391867583,True
ggt_lbstresc,overall_severity,metabolic,continuous,lognormal,bifactor_G,0.10020259259516628,0.10020259259516628,0.04495123276873904,0.15363540418741845,True
ggt_lbstresc,metabolic,metabolic,continuous,lognormal,primary,0.3503149032299481,0.3503149032299481,0.10964532769189352,0.4464619785960012,True
ggt_lbstresc,inflammatory,metabolic,continuous,lognormal,cross,-0.11827075910880683,0.11827075910880683,-0.2169144927118757,0.4178854037762142,False
gluc,overall_severity,metabolic,continuous,lognormal,bifactor_G,-0.009576512848445896,0.009576512848445896,-0.06329771918953242,0.042582543315214993,False
gluc,metabolic,metabolic,continuous,lognormal,primary,0.2957831071249019,0.2957831071249019,0.13316455668325503,0.38768299924791577,True
gluc,inflammatory,metabolic,continuous,lognormal,cross,-0.14590273257832198,0.14590273257832198,-0.23830931767695968,0.3539850902180783,False
gstabrth,overall_severity,developmental_risk,continuous,gaussian,bifactor_G,-0.0043381199216952215,0.0043381199216952215,-0.07381501011308707,0.06510149998283403,False
gstabrth,developmental_risk,developmental_risk,continuous,gaussian,primary,0.01613347548954193,0.01613347548954193,0.0006228848906624397,0.06939466878837905,True
hba1c,overall_severity,metabolic,continuous,lognormal,bifactor_G,0.06558753235318618,0.06558753235318618,-0.012520886873068075,0.1449291189400106,False
hba1c,metabolic,metabolic,continuous,lognormal,primary,0.24851307143270973,0.24851307143270973,0.11474764606615415,0.36950142892398113,True
hba1c,inflammatory,metabolic,continuous,lognormal,cross,-0.14862697251597567,0.14862697251597567,-0.27397987613657726,0.32154796811342073,False
hdl,overall_severity,metabolic,continuous,gaussian,bifactor_G,0.17835127011801322,0.17835127011801322,0.1273405971105345,0.22981243069095209,True
hdl,metabolic,metabolic,continuous,gaussian,primary,0.3364629557162782,0.3364629557162782,0.08703402035542494,0.4187030209579563,True
hdl,inflammatory,metabolic,continuous,gaussian,cross,-0.09886039478394482,0.09886039478394482,-0.18664848286313468,0.39874097983204404,False
honeonat,overall_severity,developmental_risk,explicit,bernoulli,bifactor_G,-0.0008369485133804022,0.0008369485133804022,-0.08829736270611087,0.08712779563480666,False
honeonat,developmental_risk,developmental_risk,explicit,bernoulli,primary,0.06475771768494584,0.06475771768494584,0.002516320311367346,0.22885454187019844,True
hrstanding,overall_severity,metabolic,continuous,gaussian,bifactor_G,0.19998740649418864,0.19998740649418864,0.1360227032651355,0.26250082564487043,True
hrstanding,metabolic,metabolic,continuous,gaussian,primary,0.16342491481888902,0.16342491481888902,0.02072710687435687,0.2648777182533425,True
hrstanding,inflammatory,metabolic,continuous,gaussian,cross,-0.02516331918195959,0.02516331918195959,-0.132511869176138,0.23541951852315968,False
hrsupine,overall_severity,metabolic,continuous,gaussian,bifactor_G,0.2125943512540161,0.2125943512540161,0.15233566015390335,0.2717220702913134,True
hrsupine,metabolic,metabolic,continuous,gaussian,primary,0.21227233140205737,0.21227233140205737,0.04453476814518952,0.3083194050477115,True
hrsupine,inflammatory,metabolic,continuous,gaussian,cross,-0.060581773325327826,0.060581773325327826,-0.16147531470872592,0.27996097185287266,False
isf01,overall_severity,suicidality,explicit,bernoulli,bifactor_G,0.051014157804639394,0.051014157804639394,-0.033065417127476446,0.13621519508375363,False
isf01,suicidality,suicidality,explicit,bernoulli,primary,2.022671684739031,2.022671684739031,1.7747352958867035,2.2969581452098247,True
isf02,overall_severity,suicidality,explicit,bernoulli,bifactor_G,-0.00031613940254574213,0.00031613940254574213,-0.08437359395329755,0.08020350659112875,False
isf02,suicidality,suicidality,explicit,bernoulli,primary,1.8662693210241175,1.8662693210241175,1.6451788145624548,2.0965289478739546,True
isf03,overall_severity,suicidality,explicit,bernoulli,bifactor_G,0.04782206378812713,0.04782206378812713,-0.036509545510452886,0.13603484178884165,False
isf03,suicidality,suicidality,explicit,bernoulli,primary,2.4691024880145456,2.4691024880145456,2.1785306264223343,2.7686354415374685,True
isf04,overall_severity,suicidality,explicit,bernoulli,bifactor_G,0.0035716304379941706,0.0035716304379941706,-0.07840136209276087,0.08783056040649816,False
isf04,suicidality,suicidality,explicit,bernoulli,primary,2.2470553176093797,2.2470553176093797,2.0057107747493594,2.500378775121102,True
isf05,overall_severity,suicidality,explicit,bernoulli,bifactor_G,0.01430616606635188,0.01430616606635188,-0.07343316349633622,0.1017654226919899,False
isf05,suicidality,suicidality,explicit,bernoulli,primary,3.448591323909162,3.448591323909162,3.1170491788441246,3.814352517281102,True
isf07,overall_severity,suicidality,continuous,gaussian,bifactor_G,0.020376866792359283,0.020376866792359283,-0.007886177370179992,0.04872752013831846,False
isf07,suicidality,suicidality,continuous,gaussian,primary,0.5322609934240439,0.5322609934240439,0.5047758224275019,0.5605443366860191,True
isf08,overall_severity,suicidality,explicit,bernoulli,bifactor_G,-0.002102146670050026,0.002102146670050026,-0.09422034315262767,0.08742238795342273,False
isf08,suicidality,suicidality,explicit,bernoulli,primary,1.5964873670594284,1.5964873670594284,1.3414288924256763,1.8941176813411156,True
isf08a,overall_severity,suicidality,explicit,ordered_logistic,bifactor_G,-0.004354185348915865,0.004354185348915865,-0.09610702816391584,0.08700276482766958,False
isf08a,suicidality,suicidality,explicit,ordered_logistic,primary,1.5389512343674467,1.5389512343674467,1.2880624156366425,1.804963890069619,True
isf09,overall_severity,suicidality,explicit,bernoulli,bifactor_G,0.005125179967667781,0.005125179967667781,-0.0891090133514933,0.0986707248691592,False
isf09,suicidality,suicidality,explicit,bernoulli,primary,1.9719600230166416,1.9719600230166416,1.6961288576834272,2.2695804139273124,True
isf09a,overall_severity,suicidality,explicit,neg_binomial,bifactor_G,0.016470855883991498,0.016470855883991498,-0.07250646545098471,0.10766498847828779,False
isf09a,suicidality,suicidality,explicit,neg_binomial,primary,1.646475447540376,1.646475447540376,1.4642728780492273,1.8674351013156294,True
ldl,overall_severity,metabolic,continuous,gaussian,bifactor_G,-0.03579626365489262,0.03579626365489262,-0.09183943795590012,0.021106618069629404,False
ldl,metabolic,metabolic,continuous,gaussian,primary,0.13678901938915225,0.13678901938915225,0.010660195006558846,0.22752760408554307,True
ldl,inflammatory,metabolic,continuous,gaussian,cross,-0.004438452084935248,0.004438452084935248,-0.09653410617154587,0.2095779947585394,False
lvsbjind,overall_severity,overall_severity,continuous,gaussian,g_anchor,0.019975279710241132,0.019975279710241132,0.0009185123118380349,0.06117015324318229,True
lym_lbstresc,overall_severity,inflammatory,continuous,lognormal,bifactor_G,-0.038701627081694896,0.038701627081694896,-0.10213896818358918,0.026138615359835398,False
lym_lbstresc,metabolic,inflammatory,continuous,lognormal,cross,-0.4185481006924374,0.4185481006924374,-0.4976361009344935,0.5034418755742294,False
lym_lbstresc,inflammatory,inflammatory,continuous,lognormal,primary,0.004184111452035027,0.004184111452035027,0.00017417600942553366,0.021514413005464347,True
madrs,overall_severity,,continuous,gaussian,window,0.82186997434392,0.82186997434392,0.7799450690431162,0.8659592174799065,True
madrs,cognition,,continuous,gaussian,window,-0.03877120421448743,0.03877120421448743,-0.08581954374224607,0.010270874877721268,False
madrs,sleep,,continuous,gaussian,window,0.11474877511396611,0.11474877511396611,0.07286684955663883,0.1564946067756589,True
madrs,suicidality,,continuous,gaussian,window,0.010394825325386187,0.010394825325386187,-0.027941065012530925,0.048381078412724,False
mere_structure,overall_severity,developmental_risk,explicit,bernoulli,bifactor_G,-0.05947668583127679,0.05947668583127679,-0.1350430175684082,0.015901184928796927,False
mere_structure,developmental_risk,developmental_risk,explicit,bernoulli,primary,0.12519359997918114,0.12519359997918114,0.02765163726544655,0.22994784611543972,True
mono_lbstresc,overall_severity,inflammatory,continuous,lognormal,bifactor_G,-0.025401720162441948,0.025401720162441948,-0.0840995303441667,0.03714989589613261,False
mono_lbstresc,metabolic,inflammatory,continuous,lognormal,cross,0.06992204180759692,0.06992204180759692,-0.6031147807591913,0.24777034395236128,False
mono_lbstresc,inflammatory,inflammatory,continuous,lognormal,primary,0.5732496361452444,0.5732496361452444,0.0924792506249945,0.717177502672172,True
naisstyp,overall_severity,developmental_risk,explicit,bernoulli,bifactor_G,-0.004738952384064299,0.004738952384064299,-0.09177690277409031,0.08116152349774211,False
naisstyp,developmental_risk,developmental_risk,explicit,bernoulli,primary,0.12070152819677404,0.12070152819677404,0.011363189782966021,0.2829717125586918,True
neut,overall_severity,inflammatory,continuous,lognormal,bifactor_G,0.09125898266039512,0.09125898266039512,0.03678615504221859,0.14691627285075967,True
neut,metabolic,inflammatory,continuous,lognormal,cross,0.08013257370024807,0.08013257370024807,-0.6666146518094549,0.2707138629073957,False
neut,inflammatory,inflammatory,continuous,lognormal,primary,0.643225003326448,0.643225003326448,0.10860341015570002,0.7907866027598748,True
pere_structure,overall_severity,developmental_risk,explicit,bernoulli,bifactor_G,-0.05510617250593807,0.05510617250593807,-0.13088317839738273,0.020835018526257812,False
pere_structure,developmental_risk,developmental_risk,explicit,bernoulli,primary,0.1450276642597788,0.1450276642597788,0.04295325929365409,0.2539590303894159,True
plat,overall_severity,inflammatory,continuous,lognormal,bifactor_G,0.06671796158106794,0.06671796158106794,0.014181412291116503,0.11844998941369926,True
plat,metabolic,inflammatory,continuous,lognormal,cross,0.0804454432151245,0.0804454432151245,-0.27293629440724676,0.18359712147552343,False
plat,inflammatory,inflammatory,continuous,lognormal,primary,0.24328101252660952,0.24328101252660952,0.0857407439776675,0.3408769654778173,True
prembrth,overall_severity,developmental_risk,explicit,ordered_logistic,bifactor_G,-0.0012262317536062398,0.0012262317536062398,-0.0843347563034244,0.08577385746697111,False
prembrth,developmental_risk,developmental_risk,explicit,ordered_logistic,primary,0.09650264033626607,0.09650264033626607,0.0074184147954473555,0.24111685497746896,True
psqi,overall_severity,sleep,continuous,gaussian,bifactor_G,0.40525059123903956,0.40525059123903956,0.352923362636133,0.45939101135643895,True
psqi,sleep,sleep,continuous,gaussian,primary,0.8692198226113594,0.8692198226113594,0.8344672898997172,0.9042356092704393,True
psqi11,overall_severity,sleep,continuous,gaussian,bifactor_G,0.10680585531021303,0.10680585531021303,0.05916155520774048,0.15290975264432702,True
psqi11,sleep,sleep,continuous,gaussian,primary,0.44852819727845705,0.44852819727845705,0.4106911837522587,0.4908634553655167,True
psqi12,overall_severity,sleep,continuous,gaussian,bifactor_G,0.00691565434081462,0.00691565434081462,-0.03347179175079363,0.04455076976578341,False
psqi12,sleep,sleep,continuous,gaussian,primary,0.36104536795765596,0.36104536795765596,0.32790234089379483,0.39584766013014944,True
psqi13,overall_severity,sleep,continuous,gaussian,bifactor_G,0.19041977246217823,0.19041977246217823,0.14166862735495925,0.23854925043730946,True
psqi13,sleep,sleep,continuous,gaussian,primary,0.41553267596758603,0.41553267596758603,0.3743354707022489,0.45919562425688876,True
psqi14,overall_severity,sleep,continuous,gaussian,bifactor_G,0.11949054077737775,0.11949054077737775,0.06953956438306162,0.17188899077119665,True
psqi14,sleep,sleep,continuous,gaussian,primary,0.5279941811305195,0.5279941811305195,0.48714480430389234,0.5709028360819234,True
psqi15,overall_severity,sleep,continuous,gaussian,bifactor_G,0.2532994871781546,0.2532994871781546,0.20368036831716432,0.30272171811974413,True
psqi15,sleep,sleep,continuous,gaussian,primary,0.562918260546269,0.562918260546269,0.5230563154029304,0.6055320495729055,True
psqi17,overall_severity,sleep,continuous,gaussian,bifactor_G,0.4663936716821163,0.4663936716821163,0.4187608179022392,0.5163938639881984,True
psqi17,sleep,sleep,continuous,gaussian,primary,0.2647196004967409,0.2647196004967409,0.22416063723419893,0.30770937375623714,True
qidsr120,overall_severity,,continuous,gaussian,window,0.7227855165745315,0.7227855165745315,0.6800423541113526,0.7674025684646654,True
qidsr120,cognition,,continuous,gaussian,window,-0.04544153855357834,0.04544153855357834,-0.09547686539328944,0.005067540337289611,False
qidsr120,sleep,,continuous,gaussian,window,0.2145858784110427,0.2145858784110427,0.17418000464340083,0.2564860261542864,True
qidsr120,suicidality,,continuous,gaussian,window,0.0367958125950312,0.0367958125950312,-0.0029372212357937763,0.07672543002399326,False
staya,overall_severity,,continuous,gaussian,window,0.6061751505689013,0.6061751505689013,0.5599119736797789,0.6544032251188606,True
staya,sleep,,continuous,gaussian,window,0.1839320609051588,0.1839320609051588,0.13868424147491795,0.23192285021887588,True
sudose_cigarettes_lt,overall_severity,substance,continuous,neg_binomial,bifactor_G,0.007122061529661701,0.007122061529661701,-0.046267360248368326,0.06044714818065356,False
sudose_cigarettes_lt,substance,substance,continuous,neg_binomial,primary,0.5527877191125907,0.5527877191125907,0.45234281534142984,0.6708180293319428,True
suoccur_alcool,overall_severity,substance,explicit,bernoulli,bifactor_G,0.006058056269494362,0.006058056269494362,-0.09124072103505156,0.10525839402741523,False
suoccur_alcool,substance,substance,explicit,bernoulli,primary,0.49051840333744456,0.49051840333744456,0.0755091810456618,0.9471245354213392,True
suoccur_cannabis,overall_severity,substance,explicit,bernoulli,bifactor_G,-0.0012171688883441509,0.0012171688883441509,-0.09457225769853013,0.09258206237536369,False
suoccur_cannabis,substance,substance,explicit,bernoulli,primary,0.47064494424447395,0.47064494424447395,0.07830437484017833,0.9249290495061868,True
sysbpstanding,overall_severity,metabolic,continuous,gaussian,bifactor_G,-0.05335385893527557,0.05335385893527557,-0.11562013386899483,0.008939106071497605,False
sysbpstanding,metabolic,metabolic,continuous,gaussian,primary,0.3681248451217515,0.3681248451217515,0.15336638132219663,0.47536663196593953,True
sysbpstanding,inflammatory,metabolic,continuous,gaussian,cross,-0.16371256215603347,0.16371256215603347,-0.2759879101852419,0.4379600165471272,False
sysbpsupine,overall_severity,metabolic,continuous,gaussian,bifactor_G,-0.0034031632906217093,0.0034031632906217093,-0.054494567103823215,0.04791849446036793,False
sysbpsupine,metabolic,metabolic,continuous,gaussian,primary,0.3429357008338366,0.3429357008338366,0.15288626400742517,0.4255144711625775,True
sysbpsupine,inflammatory,metabolic,continuous,gaussian,cross,-0.15999147777571077,0.15999147777571077,-0.2489686062344205,0.39811285690982456,False
t3fr_lbstresc,overall_severity,metabolic,continuous,gaussian,bifactor_G,-0.07951483909256196,0.07951483909256196,-0.1428065706719693,-0.016513109320866883,True
t3fr_lbstresc,metabolic,metabolic,continuous,gaussian,primary,0.1171286198491597,0.1171286198491597,0.017255459869736547,0.21034791209954726,True
t3fr_lbstresc,inflammatory,metabolic,continuous,gaussian,cross,-0.03714731273630268,0.03714731273630268,-0.13879970209857767,0.18106184334098596,False
t4fr_lbstresc,overall_severity,metabolic,continuous,gaussian,bifactor_G,-0.03157535498384108,0.03157535498384108,-0.090808066495616,0.026683512575831236,False
t4fr_lbstresc,metabolic,metabolic,continuous,gaussian,primary,0.02303129715239414,0.02303129715239414,0.0010270356355415412,0.08560866337473061,True
t4fr_lbstresc,inflammatory,metabolic,continuous,gaussian,cross,0.006417372968477476,0.006417372968477476,-0.06522352158272818,0.07529229619512876,False
tmt_a_time_sec,overall_severity,cognition,continuous,gaussian,bifactor_G,0.25773551465407085,0.25773551465407085,0.19986714964704774,0.31666695969938174,True
tmt_a_time_sec,cognition,cognition,continuous,gaussian,primary,0.4424590732890481,0.4424590732890481,0.3916766273609119,0.49251532550319754,True
tmt_b_time_sec,overall_severity,cognition,continuous,gaussian,bifactor_G,0.2347687965150042,0.2347687965150042,0.17797590072541788,0.29238858556457265,True
tmt_b_time_sec,cognition,cognition,continuous,gaussian,primary,0.5031638543555489,0.5031638543555489,0.45402623152400884,0.5557086762104926,True
traumacra_mhoccur,overall_severity,developmental_risk,explicit,bernoulli,bifactor_G,0.029238029005413703,0.029238029005413703,-0.059383652899021803,0.11467377505672441,False
traumacra_mhoccur,developmental_risk,developmental_risk,explicit,bernoulli,primary,0.33594123759779015,0.33594123759779015,0.17889973550016766,0.5050018048229596,True
trig,overall_severity,metabolic,continuous,lognormal,bifactor_G,0.160180276821218,0.160180276821218,0.11032342405608252,0.20934401907765182,True
trig,metabolic,metabolic,continuous,lognormal,primary,0.4270221915465606,0.4270221915465606,0.12554519769804154,0.5137125247648426,True
trig,inflammatory,metabolic,continuous,lognormal,cross,-0.13747431628155254,0.13747431628155254,-0.23034580643477,0.4847246824128007,False
tsh_lbstresc,overall_severity,metabolic,continuous,gaussian,bifactor_G,6.673343270541505e-05,6.673343270541505e-05,-0.06439631603486401,0.06725478442420726,False
tsh_lbstresc,metabolic,metabolic,continuous,gaussian,primary,0.06473628318285346,0.06473628318285346,0.004615443727047518,0.16057012291801398,True
tsh_lbstresc,inflammatory,metabolic,continuous,gaussian,cross,-0.0012069505034497505,0.0012069505034497505,-0.1008003232613595,0.13104169499569437,False
urate,overall_severity,metabolic,continuous,lognormal,bifactor_G,-0.1010471415858675,0.1010471415858675,-0.14839902900070173,-0.05209426970524378,True
urate,metabolic,metabolic,continuous,lognormal,primary,0.4573480384155364,0.4573480384155364,0.18871498159631409,0.5458126258946421,True
urate,inflammatory,metabolic,continuous,lognormal,cross,-0.196278362960364,0.196278362960364,-0.29047264773973447,0.5193583059142556,False
urea_lbstresc,overall_severity,metabolic,continuous,gaussian,bifactor_G,-0.054355164832673955,0.054355164832673955,-0.11313447023516876,0.003065235053039239,False
urea_lbstresc,metabolic,metabolic,continuous,gaussian,primary,0.08794636032787888,0.08794636032787888,0.014680073011092276,0.175859791707985,True
urea_lbstresc,inflammatory,metabolic,continuous,gaussian,cross,-0.07311650838177701,0.07311650838177701,-0.16753271312777618,0.1408405531851349,False
verbal_fluency_phonemic,overall_severity,cognition,continuous,gaussian,bifactor_G,0.18885875010469355,0.18885875010469355,0.12916852333694895,0.24784302924372512,True
verbal_fluency_phonemic,cognition,cognition,continuous,gaussian,primary,0.3909162056048326,0.3909162056048326,0.335094375246722,0.44825380381863283,True
verbal_fluency_semantic,overall_severity,cognition,continuous,gaussian,bifactor_G,0.30195117937121485,0.30195117937121485,0.24465359053403463,0.3610418752052048,True
verbal_fluency_semantic,cognition,cognition,continuous,gaussian,primary,0.48558298163122277,0.48558298163122277,0.42989147674713274,0.5421694194949406,True
vitd,overall_severity,metabolic,continuous,gaussian,bifactor_G,0.11342655590437076,0.11342655590437076,0.049465471401342914,0.17876358569580952,True
vitd,metabolic,metabolic,continuous,gaussian,primary,0.14012158933174673,0.14012158933174673,0.04934084048039449,0.2321556394633843,True
vitd,inflammatory,metabolic,continuous,gaussian,cross,-0.08483988850687363,0.08483988850687363,-0.18430723921602912,0.1993130391831197,False
wais_code_std,overall_severity,cognition,continuous,gaussian,bifactor_G,0.29615637573599884,0.29615637573599884,0.24068483153361256,0.35227909051969375,True
wais_code_std,cognition,cognition,continuous,gaussian,primary,0.4759270696386929,0.4759270696386929,0.42587601295207217,0.5259534860909175,True
wais_digitspan_std,overall_severity,cognition,continuous,gaussian,bifactor_G,0.13069835588504045,0.13069835588504045,0.06990496620611863,0.18834290498217726,True
wais_digitspan_std,cognition,cognition,continuous,gaussian,primary,0.4181432595818735,0.4181432595818735,0.3641362044623846,0.469812652827258,True
wais_ivt_index,overall_severity,cognition,continuous,gaussian,bifactor_G,0.31785195893717744,0.31785195893717744,0.25491140211504354,0.37969118072350344,True
wais_ivt_index,cognition,cognition,continuous,gaussian,primary,0.5217145391729496,0.5217145391729496,0.47052047067047875,0.5760138940239871,True
wais_similitudes_std,overall_severity,cognition,continuous,gaussian,bifactor_G,0.1353205461245171,0.1353205461245171,0.0722976891784538,0.20043416480235576,True
wais_similitudes_std,cognition,cognition,continuous,gaussian,primary,0.3845938549599739,0.3845938549599739,0.32945209795959635,0.4408863571417503,True
wbc,overall_severity,inflammatory,continuous,lognormal,bifactor_G,-0.0057849735198697684,0.0057849735198697684,-0.06335002011580268,0.05092860247488162,False
wbc,metabolic,inflammatory,continuous,lognormal,cross,0.08350142355925863,0.08350142355925863,-0.9552898068468557,0.34246539772121026,False
wbc,inflammatory,inflammatory,continuous,lognormal,primary,0.917213634870444,0.917213634870444,0.11466485624504477,1.1102621161125477,True
weight,overall_severity,metabolic,continuous,gaussian,bifactor_G,0.036646266806837205,0.036646266806837205,-0.010698671763958128,0.08396957129622008,False
weight,metabolic,metabolic,continuous,gaussian,primary,1.1299666997734108,1.1299666997734108,0.713704218291806,1.2943692153224804,True
weight,inflammatory,metabolic,continuous,gaussian,cross,-0.7207493667403779,0.7207493667403779,-0.8752549961112689,1.2159433857091637,False
wstcir,overall_severity,metabolic,continuous,gaussian,bifactor_G,0.06299942849388301,0.06299942849388301,0.014628870868627148,0.10953803579724601,True
wstcir,metabolic,metabolic,continuous,gaussian,primary,1.0829263802788955,1.0829263802788955,0.6433839560811101,1.234509534791219,True
wstcir,inflammatory,metabolic,continuous,gaussian,cross,-0.6502933475959494,0.6502933475959494,-0.7983251408948954,1.1674036868864253,False
wurs,overall_severity,developmental_risk,continuous,gaussian,bifactor_G,0.17112718403730545,0.17112718403730545,0.11217559745259864,0.22993441943354656,True
wurs,developmental_risk,developmental_risk,continuous,gaussian,primary,0.3229740805866437,0.3229740805866437,0.26656898286118946,0.3796400109982296,True
ymrs,overall_severity,mania_activation,continuous,gaussian,bifactor_G,-0.011363880608447945,0.011363880608447945,-0.053247313073123546,0.03169844927961456,False
ymrs,mania_activation,mania_activation,continuous,gaussian,primary,0.5261312885010601,0.5261312885010601,0.4080593921803903,0.705662439980373,True
