canonical,section,dtype,natural,n_obs,n_unique,is_int,min,max,iqr,skew
sex,PATIENT,int8 binary,binary,9013,2,True,0.0,1.0,1.0,-0.17174422160097008
age,PATIENT,float,count_or_ord_lg,9013,71,True,15.0,86.0,21.0,0.5191489507903132
prism,AUTO-QUESTIONNAIRES,float,count_or_ord_lg,6049,55,True,0.0,60.0,14.0,0.6675848996395154
staya,AUTO-QUESTIONNAIRES,float,count_or_ord_lg,6281,61,True,20.0,80.0,25.0,0.20936780637515368
mars,AUTO-QUESTIONNAIRES,float,ord_medium,7909,11,True,0.0,10.0,3.0,-0.5955930262633582
mathys,AUTO-QUESTIONNAIRES,float,continuous,5821,362,False,-18.0,602.0,20.0,2.9643174665239034
mathys29,AUTO-QUESTIONNAIRES,float,continuous,5844,154,False,0.0,74.0,8.0,0.09653685489675183
mathys30,AUTO-QUESTIONNAIRES,float,continuous,5845,228,False,0.0,98.0,16.0,0.06880004158592727
mathys31,AUTO-QUESTIONNAIRES,float,continuous,5839,167,False,0.0,526.0,4.5,33.30347641492348
mathys32,AUTO-QUESTIONNAIRES,float,continuous,5860,108,False,0.0,61.0,5.5,0.4707239222172064
mathys33,AUTO-QUESTIONNAIRES,float,continuous,5857,98,False,0.0,108.0,3.5,2.6395648917722827
altman,AUTO-QUESTIONNAIRES,float,ord_medium,6311,20,True,0.0,19.0,5.0,1.5001566204319252
qidsr120,AUTO-QUESTIONNAIRES,float,count_or_ord_lg,6373,28,True,0.0,27.0,10.0,0.21436556901640733
psqi,AUTO-QUESTIONNAIRES,float,count_or_ord_lg,7268,21,True,0.0,20.0,5.0,0.5845421696405045
psqi11,AUTO-QUESTIONNAIRES,int8 categorical,ord_small,7413,4,True,0.0,3.0,1.0,1.3576387437261117
psqi12,AUTO-QUESTIONNAIRES,int8 categorical,ord_small,7468,4,True,0.0,3.0,0.0,2.2257836784821676
psqi13,AUTO-QUESTIONNAIRES,int8 categorical,ord_small,7407,4,True,0.0,3.0,1.0,0.45891622043783703
psqi14,AUTO-QUESTIONNAIRES,int8 categorical,ord_small,7474,4,True,0.0,3.0,1.0,0.13741199363704973
psqi15,AUTO-QUESTIONNAIRES,int8 categorical,ord_small,7509,4,True,0.0,3.0,1.0,0.36280487292441566
psqi16,AUTO-QUESTIONNAIRES,int8 categorical,ord_small,7500,4,True,0.0,3.0,3.0,0.5494120743766057
psqi17,AUTO-QUESTIONNAIRES,int8 categorical,ord_small,7497,4,True,0.0,3.0,1.0,0.19469377884306424
ess0109,AUTO-QUESTIONNAIRES,float,count_or_ord_lg,6259,25,True,0.0,24.0,7.0,0.27052433578489143
eq5d0206,AUTO-QUESTIONNAIRES,float,int_>80,5582,92,True,0.0,500.0,35.0,0.879113292593976
eq5d,AUTO-QUESTIONNAIRES,float,continuous,5779,494,False,-0.53,1.0,0.374,-0.916620365487061
fagers,AUTO-QUESTIONNAIRES,float,ord_medium,3400,12,True,0.0,11.0,4.0,-0.20460595867767786
ctq29,AUTO-QUESTIONNAIRES,float,count_or_ord_lg,8190,21,True,5.0,25.0,2.0,2.6777262203897023
ctq31,AUTO-QUESTIONNAIRES,float,count_or_ord_lg,8176,21,True,5.0,25.0,7.0,0.44694241616632535
ctq33,AUTO-QUESTIONNAIRES,float,count_or_ord_lg,8189,21,True,5.0,25.0,4.0,1.3691430956668929
ctq35,AUTO-QUESTIONNAIRES,float,count_or_ord_lg,8176,21,True,5.0,25.0,1.0,2.8519328159016637
ctq37,AUTO-QUESTIONNAIRES,float,count_or_ord_lg,8179,21,True,5.0,25.0,8.0,0.9384955102539261
ctq39,AUTO-QUESTIONNAIRES,float,int_>80,8122,87,True,25.0,119.0,18.0,1.1702326313568685
ctq40,AUTO-QUESTIONNAIRES,int8 categorical,ord_small,8099,4,True,0.0,3.0,1.0,1.8477193629215118
ctq41,AUTO-QUESTIONNAIRES,int8 binary,binary,7705,2,True,0.0,1.0,1.0,0.9876225255386795
bis10,AUTO-QUESTIONNAIRES,float,count_or_ord_lg,6213,39,True,5.0,53.0,8.0,0.3487118935044708
wurs,AUTO-QUESTIONNAIRES,float,int_>80,6017,99,True,0.0,100.0,30.0,0.4829566934930491
csm,AUTO-QUESTIONNAIRES,float,count_or_ord_lg,5748,42,True,13.0,54.0,11.0,-0.06859349710350975
mdq,AUTO-QUESTIONNAIRES,int8 binary,binary,506,2,True,0.0,1.0,0.0,3.4059041720587437
cgi01,HETERO-QUESTIONNAIRES,int8 categorical,ord_medium,8129,8,True,0.0,7.0,2.0,-0.4996597433056388
cgi02,HETERO-QUESTIONNAIRES,int8 categorical,ord_medium,2456,8,True,0.0,7.0,3.0,0.48024566185717105
cgi03a,HETERO-QUESTIONNAIRES,int8 categorical,ord_small,2571,5,True,0.0,4.0,2.0,0.6703561883862402
cgi03b,HETERO-QUESTIONNAIRES,int8 categorical,ord_small,1643,4,True,1.0,4.0,0.0,0.2011513943625925
cgi03,HETERO-QUESTIONNAIRES,float,ord_medium,2547,17,True,0.0,16.0,6.0,1.0868254186989406
egf,HETERO-QUESTIONNAIRES,float,int_>80,7486,83,True,0.0,100.0,20.0,0.044482069375793895
madrs,HETERO-QUESTIONNAIRES,float,count_or_ord_lg,6580,49,True,0.0,50.0,16.0,0.7178940997097955
ymrs,HETERO-QUESTIONNAIRES,float,count_or_ord_lg,8435,30,True,0.0,33.0,3.0,2.464786840096734
fast25,HETERO-QUESTIONNAIRES,float,ord_medium,6166,13,True,0.0,12.0,5.0,1.0266929953061725
fast26,HETERO-QUESTIONNAIRES,float,ord_medium,6090,16,True,0.0,15.0,14.0,0.06569571076590158
fast27,HETERO-QUESTIONNAIRES,float,ord_medium,6166,16,True,0.0,15.0,6.0,0.8178731462231273
fast28,HETERO-QUESTIONNAIRES,int8 categorical,ord_small,6130,7,True,0.0,6.0,2.0,1.4394407827133426
fast29,HETERO-QUESTIONNAIRES,float,ord_medium,6141,19,True,0.0,18.0,6.0,0.7349845636296316
fast30,HETERO-QUESTIONNAIRES,int8 categorical,ord_small,6169,7,True,0.0,6.0,4.0,0.5443718156637787
fast,HETERO-QUESTIONNAIRES,float,count_or_ord_lg,6188,72,True,0.0,71.0,23.0,0.4756173721154419
height,CONSTANTES ET ECG,float,continuous,8262,119,False,18.0,16050.0,14.0,49.16109749326972
weight,CONSTANTES ET ECG,float,continuous,8255,565,False,28.6,854.0,23.0,14.01738268143943
bmi,CONSTANTES ET ECG,float,continuous,8054,648,False,9.7,318.4,6.699999999999999,17.00661906995623
wstcir,CONSTANTES ET ECG,float,continuous,7841,196,False,0.0,945.0,21.0,17.08792628708197
sysbpsupine,CONSTANTES ET ECG,float,continuous,8035,116,False,9.5,200.0,20.0,-0.6269956776007269
diabpsupine,CONSTANTES ET ECG,float,continuous,8037,94,False,5.0,608.0,13.0,7.26720678451551
hrsupine,CONSTANTES ET ECG,float,int_>80,6025,94,True,36.0,142.0,18.0,0.5338012017805508
sysbpstanding,CONSTANTES ET ECG,float,continuous,5720,125,False,9.0,206.0,21.0,-0.6755837810676019
diabpstanding,CONSTANTES ET ECG,float,continuous,5721,98,False,5.0,174.0,14.0,-0.44624795667098843
hrstanding,CONSTANTES ET ECG,float,int_>80,5298,104,True,40.0,178.0,20.0,0.512704771543398
eghrmn,CONSTANTES ET ECG,float,continuous,4632,98,False,0.0,409.0,18.0,2.378894316305964
qt,CONSTANTES ET ECG,float,continuous,4276,286,False,0.0,568.0,0.04799999999999999,5.166679847021659
rr,CONSTANTES ET ECG,float,continuous,3855,739,False,0.0,1345.0,0.26,8.945869651609007
qtc,CONSTANTES ET ECG,float,continuous,5454,418,False,0.0,559.667,0.044999999999999984,7.3981644031128
sodium_lbstresc,BILAN BIOLOGIQUE,float,continuous,5468,43,False,2.44,163.0,2.0,-22.507270284481468
k_lbstresc,BILAN BIOLOGIQUE,float,continuous,5462,197,False,2.5,401.0,0.48999999999999977,48.5782210333163
cl_lbstresc,BILAN BIOLOGIQUE,float,continuous,5127,38,False,2.5,10643.0,4.0,71.54119457189354
bicarb_lbstresc,BILAN BIOLOGIQUE,float,continuous,4720,168,False,0.0,247.0,3.3999999999999986,26.490914981249073
prot_lbstresc,BILAN BIOLOGIQUE,float,continuous,5019,238,False,1.31,107.0,6.0,-3.3413666317227864
alb_lbstresc,BILAN BIOLOGIQUE,float,continuous,5109,320,False,0.096,684.0,5.0,26.015424662801834
urea_lbstresc,BILAN BIOLOGIQUE,float,continuous,5185,549,False,0.0,339.0,1.7999999999999998,35.25095042127224
urate,BILAN BIOLOGIQUE,float,continuous,6579,1066,False,0.2,675.1,112.0,0.1674461909089862
creat_lbstresc,BILAN BIOLOGIQUE,float,continuous,5458,616,False,2.4,925.0,19.300000000000004,15.290575499425218
creatclr_lbstresc,BILAN BIOLOGIQUE,string,continuous,4532,1164,False,0.0,798.0,32.0,2.1210184177990956
phos_lbstresc,BILAN BIOLOGIQUE,float,continuous,4963,195,False,0.0,389.0,0.25,36.75724062229419
iron_lbstresc,BILAN BIOLOGIQUE,float,continuous,3846,666,False,0.0,1805.0,9.0,20.86228817788644
ca_lbstresc,BILAN BIOLOGIQUE,float,continuous,5255,123,False,0.25,108.0,0.14000000000000012,15.772315648054358
crp,BILAN BIOLOGIQUE,string,continuous,5704,337,False,0.0,327.0,3.9699999999999998,20.221615175494524
gluc,BILAN BIOLOGIQUE,float,continuous,6742,505,False,0.0,488.34,0.7999999999999998,26.883223482180547
hba1c,BILAN BIOLOGIQUE,float,continuous,2839,245,False,0.4,53.3,0.5399999999999991,11.864364986931008
hdl,BILAN BIOLOGIQUE,float,continuous,7066,318,False,0.0,96.0,0.5399999999999998,27.382032034036005
ldl,BILAN BIOLOGIQUE,float,continuous,6800,584,False,0.179,312.0,1.3000000000000003,42.102489912997015
chol,BILAN BIOLOGIQUE,float,continuous,7094,675,False,0.36,27.09,1.4400000000000004,1.2854247815009427
cholhdl_lbstresc,BILAN BIOLOGIQUE,float,continuous,6249,784,False,0.07,61.57,1.7200000000000002,8.264297947837106
trig,BILAN BIOLOGIQUE,float,continuous,7056,506,False,0.0,202.0,0.8699999999999999,53.267508115947294
alp_lbstresc,BILAN BIOLOGIQUE,float,continuous,5229,240,False,0.74,525.0,26.0,2.9563604464837137
ast_lbstresc,BILAN BIOLOGIQUE,string,continuous,5386,126,False,2.0,630.0,9.0,16.074710636909696
alt_lbstresc,BILAN BIOLOGIQUE,string,continuous,5391,161,False,3.99,556.0,15.0,7.166133005711611
bili_lbstresc,BILAN BIOLOGIQUE,float,continuous,4964,256,False,0.0,507.0,5.0,35.92535946635854
ggt_lbstresc,BILAN BIOLOGIQUE,float,continuous,5355,235,False,0.0,769.0,19.35,6.488137098533848
tsh_lbstresc,BILAN BIOLOGIQUE,float,continuous,4994,1265,False,0.0,154.0,1.57875,30.618044386844183
t3fr_lbstresc,BILAN BIOLOGIQUE,float,continuous,5097,516,False,0.0,34.4,1.2000000000000002,9.897158538252265
t4fr_lbstresc,BILAN BIOLOGIQUE,float,continuous,5133,629,False,0.08,209.5,4.01,20.129310184256898
wbc,BILAN BIOLOGIQUE,float,continuous,7114,935,False,0.032,10560.0,2.5999999999999996,23.579765966666137
rbc,BILAN BIOLOGIQUE,float,continuous,7094,328,False,0.296,5443000.0,0.6600000000000001,59.57000574066167
hgb,BILAN BIOLOGIQUE,float,continuous,7089,196,False,0.146,464.0,2.0,6.3610451692950685
hct_lbstresc,BILAN BIOLOGIQUE,float,continuous,5106,275,False,0.32,3704.0,5.375,54.69405735012717
neut,BILAN BIOLOGIQUE,float,continuous,7030,1517,False,0.566,6660.0,2.02,19.841972576449113
baso_lbstresc,BILAN BIOLOGIQUE,float,continuous,5301,226,False,0.0,346.0,0.039999999999999994,16.86187643695109
eos,BILAN BIOLOGIQUE,float,continuous,7011,506,False,0.0,451.0,0.16,27.54869952176934
lym_lbstresc,BILAN BIOLOGIQUE,float,continuous,5304,943,False,0.03,4307.0,0.8999999999999999,21.984773447145162
mono_lbstresc,BILAN BIOLOGIQUE,float,continuous,5303,562,False,0.0,882.0,0.19999999999999996,18.497182473246777
mcv,BILAN BIOLOGIQUE,float,continuous,7029,329,False,0.0,113.0,6.0,-6.439150641182189
mch_lbstresc,BILAN BIOLOGIQUE,float,continuous,4412,149,False,0.0,337.0,2.099999999999998,32.811297977540974
mchc_lbstresc,BILAN BIOLOGIQUE,float,continuous,4285,155,False,0.0,383.0,1.2999999999999972,3.6214571186979096
plat,BILAN BIOLOGIQUE,float,continuous,7090,428,False,0.0,2950000.0,81.0,76.26221407655794
hcg_lbstresc,BILAN BIOLOGIQUE,string,continuous,680,70,False,0.0,135985.0,2.0,15.518818709458897
prolctn,BILAN BIOLOGIQUE,float,continuous,3971,1811,False,0.0,24016.0,35.35,29.598678097306408
clozapin,BILAN BIOLOGIQUE,string,continuous,232,199,False,0.0,1858.0,422.75,1.1156345228352633
oxcarbaz,BILAN BIOLOGIQUE,float,continuous,27,17,False,0.0,24.0,6.9,1.429556752256872
agemere,PERINATALITE,float,count_or_ord_lg,6164,40,True,0.0,999.0,8.0,47.49518415637314
agepere,PERINATALITE,float,count_or_ord_lg,6001,53,True,0.0,999.0,8.0,44.831540082945665
prembrth,PERINATALITE,int8 categorical,ord_small,6517,3,True,1.0,3.0,0.0,-0.8529383011382029
gstabrth,PERINATALITE,float,continuous,1941,51,False,0.0,4500.0,3.0,11.83203668365766
naisstyp,PERINATALITE,int8 binary,binary,6345,2,True,0.0,1.0,0.0,2.52985541561115
honeonat,PERINATALITE,int8 binary,binary,5853,2,True,0.0,1.0,0.0,3.055893706778454
brthht,PERINATALITE,float,continuous,1373,49,False,0.0,502.0,3.0,15.845369000440705
brthcirc,PERINATALITE,float,continuous,723,33,False,0.0,58.5,2.0,-2.5471519544249395
apgr0106_1min,PERINATALITE,float,ord_medium,940,12,True,0.0,16.0,1.0,-2.8328875678309946
apgr0106_5min,PERINATALITE,int8 categorical,ord_medium,884,9,True,0.0,19.0,0.0,-3.1178356269893293
isf01,SUICIDE,int8 binary,binary,8174,2,True,0.0,1.0,0.0,-1.368791374719261
isf01a,SUICIDE,int8 categorical,ord_small,6291,3,True,0.0,2.0,1.0,-0.16789627288057254
isf02,SUICIDE,int8 binary,binary,8162,2,True,0.0,1.0,1.0,-0.8842724236940404
isf02a,SUICIDE,int8 categorical,ord_small,5639,3,True,0.0,2.0,1.0,-0.277012923730226
isf03,SUICIDE,int8 binary,binary,8157,2,True,0.0,1.0,1.0,-0.8408882929768634
isf03a,SUICIDE,int8 categorical,ord_small,5549,3,True,0.0,2.0,1.0,-0.3972047529348511
isf04,SUICIDE,int8 binary,binary,8148,2,True,0.0,1.0,1.0,0.10522106444003178
isf04a,SUICIDE,int8 categorical,ord_small,3788,3,True,0.0,2.0,1.0,-0.7395673811016285
isf05,SUICIDE,int8 binary,binary,8176,2,True,0.0,1.0,1.0,0.5902858705704566
isf05a,SUICIDE,int8 categorical,ord_small,2851,3,True,0.0,2.0,0.0,-1.3990590972085788
isf07,SUICIDE,float,count_or_ord_lg,3073,22,True,0.0,50.0,2.0,4.858584077564684
isf08,SUICIDE,int8 binary,binary,2987,2,True,0.0,1.0,0.0,1.5255724624684357
isf08a,SUICIDE,int8 categorical,ord_medium,624,8,True,0.0,10.0,0.0,3.2876137296658037
isf09,SUICIDE,int8 binary,binary,2959,2,True,0.0,1.0,1.0,1.0736483003096253
isf09a,SUICIDE,float,ord_medium,803,15,True,0.0,17.0,0.0,5.554838458741158
ltsv01,SUICIDE,int8 categorical,ord_small,327,6,True,1.0,6.0,2.0,-0.8735834023734104
ltsv02,SUICIDE,int8 ordinal,ord_small,1,1,True,2.0,2.0,0.0,
ltsv05,SUICIDE,int8 categorical,ord_small,1,1,True,1.0,1.0,0.0,
ltsv06,SUICIDE,int8 ordinal,ord_small,1,1,True,1.0,1.0,0.0,
ltsv07,SUICIDE,int8 binary,binary,439,2,True,0.0,1.0,1.0,-0.3004555020545386
ltsv09,SUICIDE,int8 binary,binary,320,2,True,0.0,1.0,1.0,0.012559192184473874
ltsg01,SUICIDE,int8 ordinal,ord_small,490,3,True,1.0,3.0,0.0,2.1682982617132533
ltsg02,SUICIDE,int8 categorical,ord_small,353,7,True,1.0,10.0,2.0,2.3272728082263865
ltsg03,SUICIDE,int8 categorical,ord_small,6,3,True,1.0,3.0,0.75,1.536722497715649
ltsg04,SUICIDE,int8 categorical,ord_medium,257,8,True,1.0,8.0,2.0,-0.07605108416436324
ltsg05,SUICIDE,int8 categorical,binary,5,2,True,3.0,4.0,1.0,0.6085806194501855
ltsg06,SUICIDE,int8 categorical,binary,2,2,True,1.0,4.0,1.5,
ltsg07,SUICIDE,int8 binary,binary,484,2,True,0.0,1.0,1.0,-0.2676358291329946
cssrs01,SUICIDE,int8 binary,binary,1408,2,True,0.0,1.0,1.0,0.056901761736920596
cssrs02,SUICIDE,int8 binary,binary,1415,2,True,0.0,1.0,1.0,0.6632976065903232
cssrs03,SUICIDE,int8 binary,binary,476,2,True,0.0,1.0,0.0,-1.294033037715617
cssrs04,SUICIDE,int8 binary,binary,478,2,True,0.0,1.0,1.0,0.12616723119520262
cssrs05,SUICIDE,int8 binary,binary,476,2,True,0.0,1.0,1.0,0.8844143134007268
cssrs06,SUICIDE,int8 categorical,ord_small,379,7,True,0.0,7.0,2.0,-0.005987375668541982
cssrs08,SUICIDE,int8 categorical,ord_small,551,5,True,1.0,5.0,3.0,-0.06321370447944266
cssrs09,SUICIDE,int8 categorical,ord_small,544,5,True,1.0,5.0,2.0,0.7181910120472785
cssrs10,SUICIDE,int8 categorical,ord_small,542,6,True,0.0,5.0,3.0,0.25690058953478695
cssrs11,SUICIDE,int8 categorical,ord_small,541,6,True,0.0,5.0,1.0,1.4663669318837018
cssrs12,SUICIDE,int8 categorical,ord_small,539,6,True,0.0,5.0,1.0,-1.4895557192038484
suncf_cigarettes_lt,SUBSTANCES,int8 categorical,ord_small,8309,3,True,1.0,3.0,2.0,-0.05477717496819628
sudose_cigarettes_lt,SUBSTANCES,float,continuous,3605,304,False,0.0,51050.0,15.5,55.7076456124446
agedebut_cigarettes_lt,SUBSTANCES,float,count_or_ord_lg,4167,49,True,5.0,65.0,4.0,2.8516009367785453
agefin_cigarettes_lt,SUBSTANCES,float,count_or_ord_lg,907,60,True,5.0,73.0,15.0,0.6086042391368047
cclin01,NEUROPSYCHOLOGIE,string,count_or_ord_lg,5335,67,True,16.0,84.0,21.0,0.36826857445054095
cclin02,NEUROPSYCHOLOGIE,int8 ordinal,ord_small,321,3,True,1.0,3.0,0.0,3.452323535809878
cclin03,NEUROPSYCHOLOGIE,int8 binary,binary,5300,2,True,0.0,1.0,0.0,-4.799318758089336
cclin04,NEUROPSYCHOLOGIE,int8 binary,ord_small,5082,3,True,0.0,2.0,0.0,1.8905198520016129
cclin08,NEUROPSYCHOLOGIE,string,count_or_ord_lg,5337,25,True,0.0,44.0,4.0,-0.044127174654116905
cclin09,NEUROPSYCHOLOGIE,int8 binary,binary,5310,2,True,0.0,1.0,0.0,-5.23377607032832
cclin10,NEUROPSYCHOLOGIE,int8 binary,binary,5314,2,True,0.0,1.0,0.0,-5.46358529921921
cclin11,NEUROPSYCHOLOGIE,int8 binary,binary,5297,2,True,0.0,1.0,0.0,-3.883853000940917
tmta01,NEUROPSYCHOLOGIE,string,continuous,6335,276,False,0.37,307.0,17.0,3.4534641834890003
tmta01a,NEUROPSYCHOLOGIE,string,ord_small,1001,7,True,5.0,95.0,65.0,-0.3425631179755421
tmta01b,NEUROPSYCHOLOGIE,float,continuous,6326,360,False,-102.58,5.14,1.25,-31.97841141933429
tmta02a,NEUROPSYCHOLOGIE,string,ord_small,471,3,True,5.0,95.0,90.0,-0.7816862445979683
tmta02b,NEUROPSYCHOLOGIE,float,continuous,6230,60,False,-43.62,71.29,0.32,2.245462591012587
tmta03,NEUROPSYCHOLOGIE,int8 categorical,ord_small,5948,5,True,0.0,4.0,0.0,3.2698696267527465
tmta04,NEUROPSYCHOLOGIE,int8 categorical,ord_small,5938,6,True,0.0,7.0,0.0,6.4834025402723015
tmtb01,NEUROPSYCHOLOGIE,string,continuous,6244,412,False,0.0,1817.0,44.0,7.733411590010519
tmtb01a,NEUROPSYCHOLOGIE,string,ord_small,415,7,True,5.0,95.0,50.0,0.05263686831894402
tmtb01b,NEUROPSYCHOLOGIE,float,continuous,5882,669,False,-79.86,38.88,1.5599999999999998,-8.12019789650404
tmtb02a,NEUROPSYCHOLOGIE,string,ord_small,2182,4,True,5.0,95.0,90.0,-0.4576896900934311
tmtb02b,NEUROPSYCHOLOGIE,float,continuous,6096,116,False,-47.85,430.13,2.0,46.64442803904563
tmtb03,NEUROPSYCHOLOGIE,string,ord_medium,5872,12,True,0.0,99.0,0.0,55.415571829808194
tmtb04,NEUROPSYCHOLOGIE,string,ord_medium,5873,16,True,0.0,99.0,0.0,38.62212680657199
tmtb05,NEUROPSYCHOLOGIE,string,ord_medium,4838,15,True,0.0,122.0,0.0,31.00056850233568
tmtb05a,NEUROPSYCHOLOGIE,string,ord_small,905,3,True,5.0,95.0,0.0,-2.437498864075623
tmtba01,NEUROPSYCHOLOGIE,float,continuous,6212,439,False,-208.0,1756.0,34.0,10.077368210808778
tmtba01a,NEUROPSYCHOLOGIE,string,ord_small,509,7,True,5.0,95.0,50.0,0.12480152239950641
tmtba01b,NEUROPSYCHOLOGIE,float,continuous,6190,721,False,-90.79,45.85,1.42,-9.084852198261416
tmtba02,NEUROPSYCHOLOGIE,float,count_or_ord_lg,5357,21,True,-4.0,20.0,1.0,3.90841622439842
tmtba02a,NEUROPSYCHOLOGIE,string,ord_small,1264,4,True,5.0,95.0,90.0,0.17502538371415613
tmtba02b,NEUROPSYCHOLOGIE,float,continuous,5127,118,False,-49.73,11.81,2.0,-3.7688540800698918
cvlt05,NEUROPSYCHOLOGIE,float,ord_medium,5835,17,True,0.0,16.0,4.0,-0.9537756738496931
cvlt05z,NEUROPSYCHOLOGIE,string,continuous,2044,54,False,-5.87,99.0,74.0,-0.6536137587120711
cvlt06,NEUROPSYCHOLOGIE,float,count_or_ord_lg,5809,72,True,4.0,80.0,18.0,-0.4226191019028255
cvlt06z,NEUROPSYCHOLOGIE,float,continuous,5757,1045,False,-7.77,14.65,2.31,1.8934731312451822
cvlt07,NEUROPSYCHOLOGIE,float,ord_medium,5825,19,True,0.0,68.0,4.0,2.2457598835324366
cvlt07z,NEUROPSYCHOLOGIE,float,continuous,5776,311,False,-3.4,24.42,1.66,1.8948822598803625
cvlt08,NEUROPSYCHOLOGIE,float,ord_medium,5833,17,True,0.0,16.0,5.0,-0.4850160017821948
cvlt08z,NEUROPSYCHOLOGIE,string,continuous,3691,394,False,-5.24,99.0,25.63,1.3609466346405863
cvlt09,NEUROPSYCHOLOGIE,float,ord_medium,5833,17,True,0.0,16.0,5.0,-0.666411628131316
cvlt09z,NEUROPSYCHOLOGIE,string,continuous,3811,369,False,-5.69,99.0,50.49,1.0938908362922661
cvlt10,NEUROPSYCHOLOGIE,float,ord_medium,5830,17,True,0.0,16.0,5.0,-0.6454740147036901
cvlt10z,NEUROPSYCHOLOGIE,string,continuous,3410,547,False,-5.16,99.0,25.82,1.330346480665425
cvlt11,NEUROPSYCHOLOGIE,float,continuous,5828,19,False,0.0,24.24,5.0,-0.7051407196878553
cvlt11z,NEUROPSYCHOLOGIE,string,continuous,3943,579,False,-6.42,99.0,50.63,1.023224459411858
cvlt12,NEUROPSYCHOLOGIE,string,continuous,5073,695,False,-1.15,45.0,1.65,6.274924514892411
cvlt12z,NEUROPSYCHOLOGIE,string,continuous,3385,583,False,-4.08,inf,2.1100000000000003,
cvlt14,NEUROPSYCHOLOGIE,float,continuous,5746,44,False,0.0,56.0,5.0,2.3407256328384034
cvlt15,NEUROPSYCHOLOGIE,float,count_or_ord_lg,5756,41,True,0.0,52.0,5.0,2.436062758978518
cvlt16,NEUROPSYCHOLOGIE,string,continuous,5810,26,False,0.0,55.0,2.0,5.8093986683090275
cvlt17,NEUROPSYCHOLOGIE,string,continuous,5793,22,False,0.0,28.0,1.0,4.502954787285223
cvlt18,NEUROPSYCHOLOGIE,string,continuous,5141,174,False,-86.36,1000.0,7.0,18.809087748974427
cvlt22,NEUROPSYCHOLOGIE,string,continuous,5445,66,False,-1.0,180.0,1.0,7.760623765046706
similtot_wais4,NEUROPSYCHOLOGIE,float,count_or_ord_lg,2536,37,True,0.0,36.0,8.0,-0.4638326211341144
similstd_wais4,NEUROPSYCHOLOGIE,float,ord_medium,2536,19,True,1.0,19.0,6.0,-0.1660678595108231
similcr_wais4,NEUROPSYCHOLOGIE,float,continuous,2534,25,False,-3.0,3.0,2.0,-0.168269366270652
mat_tot_w,NEUROPSYCHOLOGIE,float,count_or_ord_lg,5872,27,True,0.0,26.0,7.0,-0.7825109693599387
mat_std_w,NEUROPSYCHOLOGIE,float,ord_medium,5894,19,True,0.0,18.0,4.0,-0.17748938368266282
mat_cr_w,NEUROPSYCHOLOGIE,float,continuous,5868,18,False,-3.0,2.67,1.33,-0.1699211753146137
nbrut_w,NEUROPSYCHOLOGIE,float,count_or_ord_lg,6316,49,True,-4.0,46.0,17.0,0.6154404957277033
nstand_w,NEUROPSYCHOLOGIE,float,ord_medium,6335,19,True,1.0,19.0,4.0,0.25653311508354343
vstand_w,NEUROPSYCHOLOGIE,float,continuous,6332,23,False,-3.0,3.0,1.33,0.25698663629954227
mcod_w,NEUROPSYCHOLOGIE,float,ord_medium,6040,14,True,3.0,16.0,3.0,0.2869306619274537
mcoi_w,NEUROPSYCHOLOGIE,float,ord_medium,6041,17,True,0.0,16.0,3.0,0.46373864081424376
mcoc_w,NEUROPSYCHOLOGIE,[verify],ord_medium,4513,17,True,0.0,16.0,3.0,0.3440968089606116
mcodemp_w,NEUROPSYCHOLOGIE,float,count_or_ord_lg,6034,43,True,3.0,46.0,20.0,0.2531565597892909
wais_mc_end_std_wais4,NEUROPSYCHOLOGIE,float,continuous,6010,177,False,-4.3,inf,1.42,
mcoiemp_w,NEUROPSYCHOLOGIE,int8 categorical,ord_medium,6043,8,True,2.0,9.0,2.0,0.1672114674757319
wais_mc_env_std_wais4,NEUROPSYCHOLOGIE,float,continuous,6010,206,False,-4.45,inf,1.1,
wais_mc_cro_wais4,NEUROPSYCHOLOGIE,int8 categorical,ord_medium,4513,9,True,1.0,9.0,1.0,0.26927921898132234
wais_mc_cro_std_wais4,NEUROPSYCHOLOGIE,float,continuous,4508,59,False,-4.45,2.83,1.5899999999999999,0.2332769242509228
empdid_w,NEUROPSYCHOLOGIE,float,ord_medium,6039,13,True,-3.0,9.0,3.0,0.00595602667916567
code01_wais4,NEUROPSYCHOLOGIE,string,int_>80,5472,109,True,0.0,118.0,21.0,-0.05742208384652636
code02_wais4,NEUROPSYCHOLOGIE,float,ord_medium,5465,19,True,0.0,84.0,0.0,27.97118700389271
code03_wais4,NEUROPSYCHOLOGIE,float,int_>80,5472,110,True,-1.0,118.0,22.0,-0.11041209188582579
code04_wais4,NEUROPSYCHOLOGIE,float,ord_medium,5472,19,True,1.0,19.0,4.0,-0.023864228413190768
code05_wais4,NEUROPSYCHOLOGIE,float,continuous,5469,19,False,-3.0,3.0,1.33,-0.025672108502706906
symbol01_w,NEUROPSYCHOLOGIE,string,count_or_ord_lg,4537,63,True,0.0,149.0,12.0,0.5432227814382223
symbol02_w,NEUROPSYCHOLOGIE,float,ord_medium,4533,17,True,0.0,23.0,2.0,2.895043137031633
symbol03_w,NEUROPSYCHOLOGIE,float,count_or_ord_lg,4536,63,True,-5.0,149.0,11.0,0.4709747039983804
symbol04_w,NEUROPSYCHOLOGIE,float,ord_medium,4537,19,True,1.0,19.0,4.0,0.20393427475979256
symbol05_w,NEUROPSYCHOLOGIE,float,continuous,4534,19,False,-3.0,3.0,1.34,0.2027392203955338
ivt04_wais4,NEUROPSYCHOLOGIE,float,count_or_ord_lg,4959,36,True,2.0,37.0,7.0,-0.0910500057377696
ivt01_wais4,NEUROPSYCHOLOGIE,float,count_or_ord_lg,4959,49,True,50.0,148.0,19.0,-0.059035099805511505
ivt02_wais4,NEUROPSYCHOLOGIE,string,continuous,4925,37,False,0.1,99.9,45.0,0.3497243819601249
fv01,NEUROPSYCHOLOGIE,float,count_or_ord_lg,5404,50,True,1.0,229.0,10.0,1.7868096840405745
fv02,NEUROPSYCHOLOGIE,float,continuous,5402,275,False,-3.6,57.0,1.6600000000000001,4.347044947975116
fv03,NEUROPSYCHOLOGIE,string,continuous,1154,133,False,-3.35,95.0,48.66,0.769411499683226
fv04,NEUROPSYCHOLOGIE,float,ord_medium,5043,17,True,0.0,90.0,1.0,16.985749536235993
fv05,NEUROPSYCHOLOGIE,float,count_or_ord_lg,5302,44,True,0.0,46.0,1.0,4.482465457456252
fv06,NEUROPSYCHOLOGIE,int8 categorical,ord_medium,5296,12,True,-4.0,10.0,0.0,3.297876832777206
fv07,NEUROPSYCHOLOGIE,int8 categorical,ord_medium,5036,14,True,0.0,95.0,0.0,14.455893643922133
fv08,NEUROPSYCHOLOGIE,float,ord_medium,4957,12,True,0.0,12.0,1.0,3.112517761263568
fv12,NEUROPSYCHOLOGIE,float,count_or_ord_lg,5083,61,True,0.0,69.0,12.0,0.2406867165537059
fv13,NEUROPSYCHOLOGIE,float,continuous,5083,258,False,-4.23,4.24,1.4,0.24098570064263694
fv14,NEUROPSYCHOLOGIE,string,ord_small,780,7,True,5.0,95.0,65.0,0.2864315972871019
fv15,NEUROPSYCHOLOGIE,float,continuous,4972,19,False,0.0,51.0,1.0,14.712495405550218
fv16,NEUROPSYCHOLOGIE,float,continuous,4955,12,False,0.0,39.0,0.0,12.34593572631651
fv17,NEUROPSYCHOLOGIE,int8 categorical,ord_medium,4949,10,True,0.0,15.0,0.0,13.50335398478305
fv18,NEUROPSYCHOLOGIE,int8 categorical,ord_small,4907,5,True,0.0,4.0,0.0,23.340591950743143
fv19,NEUROPSYCHOLOGIE,float,continuous,4859,13,False,0.0,16.0,1.0,4.057924894328529
com01,NEUROPSYCHOLOGIE,string,continuous,935,108,False,0.0,421.0,4.0,17.017447321901756
com01s1,NEUROPSYCHOLOGIE,string,continuous,281,11,False,0.0,95.0,25.0,-0.8278602196165091
com01s2,NEUROPSYCHOLOGIE,float,continuous,249,62,False,-7.33,2.04,1.6099999999999999,-1.3116159929526183
com02,NEUROPSYCHOLOGIE,int8 categorical,ord_small,976,7,True,0.0,6.0,2.0,1.2359384800821527
com02s1,NEUROPSYCHOLOGIE,string,continuous,98,10,False,0.0,80.0,70.0,0.19697103130602764
com02s2,NEUROPSYCHOLOGIE,float,continuous,248,35,False,-5.65,1.53,1.33,-1.0756179229833598
com03,NEUROPSYCHOLOGIE,int8 categorical,ord_small,979,4,True,0.0,3.0,1.0,0.6916360980211119
com03s1,NEUROPSYCHOLOGIE,string,continuous,164,9,False,0.0,95.0,22.5,1.2174531318571025
com03s2,NEUROPSYCHOLOGIE,float,continuous,247,28,False,-4.13,67.0,1.67,13.833056123409717
com04,NEUROPSYCHOLOGIE,int8 categorical,ord_small,977,5,True,0.0,4.0,1.0,0.2183096235104501
com04s1,NEUROPSYCHOLOGIE,string,continuous,79,9,False,0.0,95.0,45.0,0.30528849664289837
com04s2,NEUROPSYCHOLOGIE,float,continuous,249,23,False,-6.62,1.36,1.64,-1.3157786610348945
com04s3,NEUROPSYCHOLOGIE,float,ord_medium,729,11,True,0.0,46.0,3.0,6.716598618555316
com04s4,NEUROPSYCHOLOGIE,string,ord_medium,211,13,True,0.0,95.0,52.5,-0.4879723137698921
com04s5,NEUROPSYCHOLOGIE,string,continuous,250,42,False,-5.63,5.0,1.77,-0.3269572122112791
agetrt,EVALUATION MEDICALE,float,count_or_ord_lg,7151,69,True,5.0,83.0,12.0,1.2717377819618212
agedebutpremier_episode,EVALUATION MEDICALE,float,count_or_ord_lg,7235,67,True,5.0,83.0,10.0,1.59451633474202
cetermpremier_episode,EVALUATION MEDICALE,int8 categorical,ord_medium,5522,10,True,0.0,9.0,1.0,-0.9471974139431926
ppartpremier_episode,EVALUATION MEDICALE,int8 binary,binary,5441,2,True,0.0,1.0,0.0,4.791902445085703
remisc,EVALUATION MEDICALE,int8 binary,binary,4884,2,True,0.0,1.0,1.0,-0.7289411082229468
saison,EVALUATION MEDICALE,int8 binary,binary,4952,2,True,0.0,1.0,1.0,0.9324607666283786
cedecodtrouble_humeur_actuel,EVALUATION MEDICALE,int8 binary,binary,370,2,True,0.0,1.0,0.0,3.0819659367393784
cesevtrouble_humeur_actuel,EVALUATION MEDICALE,int8 categorical,ord_small,1731,6,True,0.0,5.0,0.0,0.41171445822117125
chrontrouble_humeur_actuel,EVALUATION MEDICALE,int8 binary,binary,1589,2,True,0.0,1.0,1.0,0.4048858826923094
pparttrouble_humeur_actuel,EVALUATION MEDICALE,int8 binary,binary,1916,2,True,0.0,1.0,0.0,11.579049856674775
migraine_mhoccur,ANTECEDENTS,int8 binary,binary,5378,2,True,0.0,1.0,0.0,1.3537483087997904
sep_mhoccur,ANTECEDENTS,int8 binary,binary,7152,2,True,0.0,1.0,0.0,21.075781223234745
epilepsie_mhoccur,ANTECEDENTS,int8 binary,binary,7144,2,True,0.0,1.0,0.0,6.290032253605559
traumacra_mhoccur,ANTECEDENTS,int8 binary,binary,7138,2,True,0.0,1.0,0.0,2.2137012304964885
avc_mhoccur,ANTECEDENTS,int8 binary,binary,7146,2,True,0.0,1.0,0.0,10.597828341358008
autneuro_mhoccur,ANTECEDENTS,int8 binary,binary,7050,2,True,0.0,1.0,0.0,6.035480636250913
hta_mhoccur,ANTECEDENTS,int8 binary,binary,7036,2,True,0.0,1.0,0.0,2.9901734670985234
coronar_mhoccur,ANTECEDENTS,int8 binary,binary,7026,2,True,0.0,1.0,0.0,14.719360769294314
infarctus_mhoccur,ANTECEDENTS,int8 binary,binary,7013,2,True,0.0,1.0,0.0,14.052078478020928
trbrycard_mhoccur,ANTECEDENTS,int8 binary,binary,7010,2,True,0.0,1.0,0.0,5.297454301422049
autcardv_mhoccur,ANTECEDENTS,int8 binary,binary,6995,2,True,0.0,1.0,0.0,4.521954407037983
autendoc_mhoccur,ANTECEDENTS,int8 binary,binary,6976,2,True,0.0,1.0,0.0,6.3537529935413835
dysthyro_mhmodify,ANTECEDENTS,int8 binary,ord_small,664,3,True,0.0,2.0,0.0,1.8981528955212015
acne_mhoccur,ANTECEDENTS,int8 binary,binary,7096,2,True,0.0,1.0,0.0,2.1597685618455538
eczema_mhoccur,ANTECEDENTS,int8 binary,binary,7108,2,True,0.0,1.0,0.0,2.3188023847748043
toxidermi_mhoccur,ANTECEDENTS,int8 binary,binary,7102,2,True,0.0,1.0,0.0,3.760360057608884
cheveux_mhoccur,ANTECEDENTS,int8 binary,binary,7134,2,True,0.0,1.0,0.0,2.5948929255838147
psoriasis_mhoccur,ANTECEDENTS,int8 binary,binary,6224,2,True,0.0,1.0,0.0,3.166748570180221
somat_all,ANTECEDENTS,int8 binary,binary,7742,2,True,0.0,1.0,1.0,1.147384508625323
asthme_mhoccur,ANTECEDENTS,int8 binary,binary,6921,2,True,0.0,1.0,0.0,4.995521936618308
allergie_mhoccur,ANTECEDENTS,int8 binary,binary,7149,2,True,0.0,1.0,0.0,3.3521872566872406
lupus_mhoccur,ANTECEDENTS,int8 ordinal,binary,7817,2,True,0.0,1.0,0.0,39.50948864898843
polyarthr_mhoccur,ANTECEDENTS,int8 binary,binary,7818,2,True,0.0,1.0,0.0,62.509996130256624
inflachro_mhoccur,ANTECEDENTS,int8 binary,binary,6699,2,True,0.0,1.0,0.0,8.174699614339648
inflachro_mhmodify,ANTECEDENTS,int8 binary,binary,47,2,True,1.0,2.0,1.0,0.13217680231684775
cirrhose_mhoccur,ANTECEDENTS,int8 binary,binary,6700,2,True,0.0,1.0,0.0,30.896137327013445
ulcgasduo_mhoccur,ANTECEDENTS,int8 binary,binary,6677,2,True,0.0,1.0,0.0,5.456673451574894
hepmedic_mhoccur,ANTECEDENTS,int8 binary,binary,6672,2,True,0.0,1.0,0.0,8.388333921488199
vih_mhoccur,ANTECEDENTS,int8 binary,binary,6553,2,True,0.0,1.0,0.0,17.58386694629719
hvc_mhoccur,ANTECEDENTS,int8 binary,binary,6512,2,True,0.0,1.0,0.0,9.63421072469155
genetique_mhoccur,ANTECEDENTS,int8 binary,binary,6746,2,True,0.0,1.0,0.0,7.790023030679205
pregnn_rporres,ANTECEDENTS,float,ord_medium,2868,13,True,0.0,14.0,2.0,1.03079569308127
menostat_rporres,ANTECEDENTS,int8 binary,binary,4175,2,True,0.0,1.0,0.0,1.5442765898457558
hormonal_rporres,ANTECEDENTS,int8 binary,binary,847,2,True,0.0,1.0,0.0,2.336699837753095
mere_structure,ANTECEDENTS,int8 binary,binary,7549,2,True,0.0,1.0,1.0,-0.10162143502009474
mere_trouble,ANTECEDENTS,int8 categorical,ord_small,3440,4,True,0.0,3.0,1.0,0.468523793855433
mere_suicide,ANTECEDENTS,int8 categorical,ord_small,3427,4,True,0.0,3.0,0.0,2.1524505314378546
pere_structure,ANTECEDENTS,int8 binary,binary,7262,2,True,0.0,1.0,1.0,-0.015426393710176796
pere_trouble,ANTECEDENTS,int8 categorical,ord_small,2898,4,True,0.0,3.0,1.0,0.8022758607070668
pere_suicide,ANTECEDENTS,int8 categorical,ord_small,3081,4,True,0.0,3.0,0.0,2.9920733793238403
agedebut_hospitalisation,SOIN SUIVI HOSP ARRET TRAVAIL,float,count_or_ord_lg,5686,72,True,0.0,83.0,14.0,1.023937904116431
nboccur_hospitalisation_lt,SOIN SUIVI HOSP ARRET TRAVAIL,float,count_or_ord_lg,6754,21,True,0.0,20.0,3.0,1.978357521117012
hodur_hospitalisation_lt,SOIN SUIVI HOSP ARRET TRAVAIL,float,count_or_ord_lg,4916,34,True,0.0,72.0,5.0,2.5595420389862995
hooccur_arret_travail_actuel,SOIN SUIVI HOSP ARRET TRAVAIL,int8 binary,binary,4474,2,True,0.0,1.0,1.0,1.1217150070836484
hooccur_arret_travail,SOIN SUIVI HOSP ARRET TRAVAIL,int8 binary,binary,4190,2,True,0.0,1.0,1.0,-0.4155090833581876
hodur_arret_travail,SOIN SUIVI HOSP ARRET TRAVAIL,float,continuous,2418,73,False,-4.0,208.0,33.0,1.1292798994366093
hodur_arret_travail_actuel,SOIN SUIVI HOSP ARRET TRAVAIL,int8 binary,binary,867,2,True,0.0,1.0,1.0,-0.46245566027588225
maristat,SOCIAL,int8 categorical,ord_small,6885,5,True,1.0,5.0,1.0,1.5505552004882286
edulevel,SOCIAL,float,ord_medium,5928,19,True,1.0,20.0,5.0,-1.0478535776881543
stprof,SOCIAL,int8 categorical,ord_small,6535,7,True,0.0,6.0,3.0,1.0527082268740158
jobdur,SOCIAL,float,continuous,2295,65,False,0.0,44.0,14.0,0.7862175848715305
jobclas,SOCIAL,int8 binary,binary,2425,2,True,0.0,1.0,1.0,-1.1208633467042626
empjob,SOCIAL,int8 categorical,ord_medium,628,8,True,0.0,8.0,1.0,-1.5456840962562006
lvsbjind,SOCIAL,int8 categorical,ord_medium,6583,8,True,1.0,8.0,2.0,1.7042676681692128
vitd,BILAN BIOLOGIQUE,float,continuous,1473,480,False,1.0,38000.0,40.0,23.541961016075437
cclin12,NEUROPSYCHOLOGIE,int8 binary,binary,736,2,True,0.0,1.0,0.0,-2.739258164530419
arithtot_w,NEUROPSYCHOLOGIE,[verify],count_or_ord_lg,1163,23,True,0.0,22.0,8.0,-0.17584186514012518
arithstd_w,NEUROPSYCHOLOGIE,[verify],ord_medium,1163,17,True,1.0,17.0,4.0,0.31748025032234506
arithcr_w,NEUROPSYCHOLOGIE,[verify],continuous,1161,23,False,-3.0,2.33,1.33,0.32222588376409433
imt01_wais4,NEUROPSYCHOLOGIE,float,count_or_ord_lg,676,34,True,3.0,62.0,7.0,1.1671069272296564
imt02_wais4,NEUROPSYCHOLOGIE,[verify],continuous,676,58,False,51.3,143.0,20.0,0.23524214842859106
imt03_wais4,NEUROPSYCHOLOGIE,float,continuous,676,30,False,0.1,99.8,45.0,0.6323050437856599
