var_threshold,pt_threshold,section,n_features
0.5,0.5,NEUROPSYCHOLOGIE,90
0.5,0.5,BILAN BIOLOGIQUE,38
0.5,0.5,CONSTANTES ET ECG,12
0.5,0.5,EVALUATION MEDICALE,6
0.5,0.5,SOIN SUIVI HOSP ARRET TRAVAIL,3
0.5,0.5,ANTECEDENTS,31
0.5,0.5,SUICIDE,8
0.5,0.5,AUTO-QUESTIONNAIRES,33
0.5,0.5,PERINATALITE,5
0.5,0.5,SOCIAL,4
0.5,0.5,HETERO-QUESTIONNAIRES,11
0.5,0.5,SUBSTANCES,1
0.5,0.5,PATIENT,4
0.5,0.6,NEUROPSYCHOLOGIE,90
0.5,0.6,BILAN BIOLOGIQUE,38
0.5,0.6,CONSTANTES ET ECG,12
0.5,0.6,EVALUATION MEDICALE,6
0.5,0.6,SOIN SUIVI HOSP ARRET TRAVAIL,3
0.5,0.6,ANTECEDENTS,31
0.5,0.6,SUICIDE,8
0.5,0.6,AUTO-QUESTIONNAIRES,33
0.5,0.6,PERINATALITE,5
0.5,0.6,SOCIAL,4
0.5,0.6,HETERO-QUESTIONNAIRES,11
0.5,0.6,SUBSTANCES,1
0.5,0.6,PATIENT,4
0.5,0.7,NEUROPSYCHOLOGIE,90
0.5,0.7,BILAN BIOLOGIQUE,38
0.5,0.7,CONSTANTES ET ECG,12
0.5,0.7,EVALUATION MEDICALE,6
0.5,0.7,SOIN SUIVI HOSP ARRET TRAVAIL,3
0.5,0.7,ANTECEDENTS,31
0.5,0.7,SUICIDE,8
0.5,0.7,AUTO-QUESTIONNAIRES,33
0.5,0.7,PERINATALITE,5
0.5,0.7,SOCIAL,4
0.5,0.7,HETERO-QUESTIONNAIRES,11
0.5,0.7,SUBSTANCES,1
0.5,0.7,PATIENT,4
0.5,0.75,NEUROPSYCHOLOGIE,90
0.5,0.75,BILAN BIOLOGIQUE,38
0.5,0.75,CONSTANTES ET ECG,12
0.5,0.75,EVALUATION MEDICALE,6
0.5,0.75,SOIN SUIVI HOSP ARRET TRAVAIL,3
0.5,0.75,ANTECEDENTS,31
0.5,0.75,SUICIDE,8
0.5,0.75,AUTO-QUESTIONNAIRES,33
0.5,0.75,PERINATALITE,5
0.5,0.75,SOCIAL,4
0.5,0.75,HETERO-QUESTIONNAIRES,11
0.5,0.75,SUBSTANCES,1
0.5,0.75,PATIENT,4
0.5,0.8,NEUROPSYCHOLOGIE,90
0.5,0.8,BILAN BIOLOGIQUE,38
0.5,0.8,CONSTANTES ET ECG,12
0.5,0.8,EVALUATION MEDICALE,6
0.5,0.8,SOIN SUIVI HOSP ARRET TRAVAIL,3
0.5,0.8,ANTECEDENTS,31
0.5,0.8,SUICIDE,8
0.5,0.8,AUTO-QUESTIONNAIRES,33
0.5,0.8,PERINATALITE,5
0.5,0.8,SOCIAL,4
0.5,0.8,HETERO-QUESTIONNAIRES,11
0.5,0.8,SUBSTANCES,1
0.5,0.8,PATIENT,4
0.5,0.85,NEUROPSYCHOLOGIE,90
0.5,0.85,BILAN BIOLOGIQUE,38
0.5,0.85,CONSTANTES ET ECG,12
0.5,0.85,EVALUATION MEDICALE,6
0.5,0.85,SOIN SUIVI HOSP ARRET TRAVAIL,3
0.5,0.85,ANTECEDENTS,31
0.5,0.85,SUICIDE,8
0.5,0.85,AUTO-QUESTIONNAIRES,33
0.5,0.85,PERINATALITE,5
0.5,0.85,SOCIAL,4
0.5,0.85,HETERO-QUESTIONNAIRES,11
0.5,0.85,SUBSTANCES,1
0.5,0.85,PATIENT,4
0.5,0.9,NEUROPSYCHOLOGIE,90
0.5,0.9,BILAN BIOLOGIQUE,38
0.5,0.9,CONSTANTES ET ECG,12
0.5,0.9,EVALUATION MEDICALE,6
0.5,0.9,SOIN SUIVI HOSP ARRET TRAVAIL,3
0.5,0.9,ANTECEDENTS,31
0.5,0.9,SUICIDE,8
0.5,0.9,AUTO-QUESTIONNAIRES,33
0.5,0.9,PERINATALITE,5
0.5,0.9,SOCIAL,4
0.5,0.9,HETERO-QUESTIONNAIRES,11
0.5,0.9,SUBSTANCES,1
0.5,0.9,PATIENT,4
0.6,0.5,EVALUATION MEDICALE,4
0.6,0.5,NEUROPSYCHOLOGIE,44
0.6,0.5,CONSTANTES ET ECG,10
0.6,0.5,BILAN BIOLOGIQUE,18
0.6,0.5,SUICIDE,8
0.6,0.5,AUTO-QUESTIONNAIRES,33
0.6,0.5,SOIN SUIVI HOSP ARRET TRAVAIL,2
0.6,0.5,PERINATALITE,5
0.6,0.5,SOCIAL,4
0.6,0.5,HETERO-QUESTIONNAIRES,11
0.6,0.5,ANTECEDENTS,30
0.6,0.5,SUBSTANCES,1
0.6,0.5,PATIENT,4
0.6,0.6,EVALUATION MEDICALE,4
0.6,0.6,NEUROPSYCHOLOGIE,44
0.6,0.6,CONSTANTES ET ECG,10
0.6,0.6,BILAN BIOLOGIQUE,18
0.6,0.6,SUICIDE,8
0.6,0.6,AUTO-QUESTIONNAIRES,33
0.6,0.6,SOIN SUIVI HOSP ARRET TRAVAIL,2
0.6,0.6,PERINATALITE,5
0.6,0.6,SOCIAL,4
0.6,0.6,HETERO-QUESTIONNAIRES,11
0.6,0.6,ANTECEDENTS,30
0.6,0.6,SUBSTANCES,1
0.6,0.6,PATIENT,4
0.6,0.7,EVALUATION MEDICALE,4
0.6,0.7,NEUROPSYCHOLOGIE,44
0.6,0.7,CONSTANTES ET ECG,10
0.6,0.7,BILAN BIOLOGIQUE,18
0.6,0.7,SUICIDE,8
0.6,0.7,AUTO-QUESTIONNAIRES,33
0.6,0.7,SOIN SUIVI HOSP ARRET TRAVAIL,2
0.6,0.7,PERINATALITE,5
0.6,0.7,SOCIAL,4
0.6,0.7,HETERO-QUESTIONNAIRES,11
0.6,0.7,ANTECEDENTS,30
0.6,0.7,SUBSTANCES,1
0.6,0.7,PATIENT,4
0.6,0.75,EVALUATION MEDICALE,4
0.6,0.75,NEUROPSYCHOLOGIE,44
0.6,0.75,CONSTANTES ET ECG,10
0.6,0.75,BILAN BIOLOGIQUE,18
0.6,0.75,SUICIDE,8
0.6,0.75,AUTO-QUESTIONNAIRES,33
0.6,0.75,SOIN SUIVI HOSP ARRET TRAVAIL,2
0.6,0.75,PERINATALITE,5
0.6,0.75,SOCIAL,4
0.6,0.75,HETERO-QUESTIONNAIRES,11
0.6,0.75,ANTECEDENTS,30
0.6,0.75,SUBSTANCES,1
0.6,0.75,PATIENT,4
0.6,0.8,EVALUATION MEDICALE,4
0.6,0.8,NEUROPSYCHOLOGIE,44
0.6,0.8,CONSTANTES ET ECG,10
0.6,0.8,BILAN BIOLOGIQUE,18
0.6,0.8,SUICIDE,8
0.6,0.8,AUTO-QUESTIONNAIRES,33
0.6,0.8,SOIN SUIVI HOSP ARRET TRAVAIL,2
0.6,0.8,PERINATALITE,5
0.6,0.8,SOCIAL,4
0.6,0.8,HETERO-QUESTIONNAIRES,11
0.6,0.8,ANTECEDENTS,30
0.6,0.8,SUBSTANCES,1
0.6,0.8,PATIENT,4
0.6,0.85,EVALUATION MEDICALE,4
0.6,0.85,NEUROPSYCHOLOGIE,44
0.6,0.85,CONSTANTES ET ECG,10
0.6,0.85,BILAN BIOLOGIQUE,18
0.6,0.85,SUICIDE,8
0.6,0.85,AUTO-QUESTIONNAIRES,33
0.6,0.85,SOIN SUIVI HOSP ARRET TRAVAIL,2
0.6,0.85,PERINATALITE,5
0.6,0.85,SOCIAL,4
0.6,0.85,HETERO-QUESTIONNAIRES,11
0.6,0.85,ANTECEDENTS,30
0.6,0.85,SUBSTANCES,1
0.6,0.85,PATIENT,4
0.6,0.9,EVALUATION MEDICALE,4
0.6,0.9,NEUROPSYCHOLOGIE,44
0.6,0.9,CONSTANTES ET ECG,10
0.6,0.9,BILAN BIOLOGIQUE,18
0.6,0.9,SUICIDE,8
0.6,0.9,AUTO-QUESTIONNAIRES,33
0.6,0.9,SOIN SUIVI HOSP ARRET TRAVAIL,2
0.6,0.9,PERINATALITE,5
0.6,0.9,SOCIAL,4
0.6,0.9,HETERO-QUESTIONNAIRES,11
0.6,0.9,ANTECEDENTS,30
0.6,0.9,SUBSTANCES,1
0.6,0.9,PATIENT,4
0.7,0.5,AUTO-QUESTIONNAIRES,19
0.7,0.5,PERINATALITE,2
0.7,0.5,ANTECEDENTS,29
0.7,0.5,SOCIAL,3
0.7,0.5,BILAN BIOLOGIQUE,14
0.7,0.5,HETERO-QUESTIONNAIRES,4
0.7,0.5,SOIN SUIVI HOSP ARRET TRAVAIL,1
0.7,0.5,EVALUATION MEDICALE,2
0.7,0.5,CONSTANTES ET ECG,6
0.7,0.5,SUICIDE,5
0.7,0.5,SUBSTANCES,1
0.7,0.5,PATIENT,4
0.7,0.6,AUTO-QUESTIONNAIRES,19
0.7,0.6,PERINATALITE,2
0.7,0.6,ANTECEDENTS,29
0.7,0.6,SOCIAL,3
0.7,0.6,BILAN BIOLOGIQUE,14
0.7,0.6,HETERO-QUESTIONNAIRES,4
0.7,0.6,SOIN SUIVI HOSP ARRET TRAVAIL,1
0.7,0.6,EVALUATION MEDICALE,2
0.7,0.6,CONSTANTES ET ECG,6
0.7,0.6,SUICIDE,5
0.7,0.6,SUBSTANCES,1
0.7,0.6,PATIENT,4
0.7,0.7,AUTO-QUESTIONNAIRES,19
0.7,0.7,PERINATALITE,2
0.7,0.7,ANTECEDENTS,29
0.7,0.7,SOCIAL,3
0.7,0.7,BILAN BIOLOGIQUE,14
0.7,0.7,HETERO-QUESTIONNAIRES,4
0.7,0.7,SOIN SUIVI HOSP ARRET TRAVAIL,1
0.7,0.7,EVALUATION MEDICALE,2
0.7,0.7,CONSTANTES ET ECG,6
0.7,0.7,SUICIDE,5
0.7,0.7,SUBSTANCES,1
0.7,0.7,PATIENT,4
0.7,0.75,AUTO-QUESTIONNAIRES,19
0.7,0.75,PERINATALITE,2
0.7,0.75,ANTECEDENTS,29
0.7,0.75,SOCIAL,3
0.7,0.75,BILAN BIOLOGIQUE,14
0.7,0.75,HETERO-QUESTIONNAIRES,4
0.7,0.75,SOIN SUIVI HOSP ARRET TRAVAIL,1
0.7,0.75,EVALUATION MEDICALE,2
0.7,0.75,CONSTANTES ET ECG,6
0.7,0.75,SUICIDE,5
0.7,0.75,SUBSTANCES,1
0.7,0.75,PATIENT,4
0.7,0.8,AUTO-QUESTIONNAIRES,19
0.7,0.8,PERINATALITE,2
0.7,0.8,ANTECEDENTS,29
0.7,0.8,SOCIAL,3
0.7,0.8,BILAN BIOLOGIQUE,14
0.7,0.8,HETERO-QUESTIONNAIRES,4
0.7,0.8,SOIN SUIVI HOSP ARRET TRAVAIL,1
0.7,0.8,EVALUATION MEDICALE,2
0.7,0.8,CONSTANTES ET ECG,6
0.7,0.8,SUICIDE,5
0.7,0.8,SUBSTANCES,1
0.7,0.8,PATIENT,4
0.7,0.85,AUTO-QUESTIONNAIRES,19
0.7,0.85,PERINATALITE,2
0.7,0.85,ANTECEDENTS,29
0.7,0.85,SOCIAL,3
0.7,0.85,BILAN BIOLOGIQUE,14
0.7,0.85,HETERO-QUESTIONNAIRES,4
0.7,0.85,SOIN SUIVI HOSP ARRET TRAVAIL,1
0.7,0.85,EVALUATION MEDICALE,2
0.7,0.85,CONSTANTES ET ECG,6
0.7,0.85,SUICIDE,5
0.7,0.85,SUBSTANCES,1
0.7,0.85,PATIENT,4
0.7,0.9,AUTO-QUESTIONNAIRES,19
0.7,0.9,PERINATALITE,2
0.7,0.9,ANTECEDENTS,29
0.7,0.9,SOCIAL,3
0.7,0.9,BILAN BIOLOGIQUE,14
0.7,0.9,HETERO-QUESTIONNAIRES,4
0.7,0.9,SOIN SUIVI HOSP ARRET TRAVAIL,1
0.7,0.9,EVALUATION MEDICALE,2
0.7,0.9,CONSTANTES ET ECG,6
0.7,0.9,SUICIDE,5
0.7,0.9,SUBSTANCES,1
0.7,0.9,PATIENT,4
0.75,0.5,BILAN BIOLOGIQUE,12
0.75,0.5,SOCIAL,1
0.75,0.5,ANTECEDENTS,22
0.75,0.5,EVALUATION MEDICALE,2
0.75,0.5,AUTO-QUESTIONNAIRES,17
0.75,0.5,HETERO-QUESTIONNAIRES,3
0.75,0.5,CONSTANTES ET ECG,6
0.75,0.5,SUICIDE,5
0.75,0.5,SUBSTANCES,1
0.75,0.5,PATIENT,4
0.75,0.6,BILAN BIOLOGIQUE,12
0.75,0.6,SOCIAL,1
0.75,0.6,ANTECEDENTS,22
0.75,0.6,EVALUATION MEDICALE,2
0.75,0.6,AUTO-QUESTIONNAIRES,17
0.75,0.6,HETERO-QUESTIONNAIRES,3
0.75,0.6,CONSTANTES ET ECG,6
0.75,0.6,SUICIDE,5
0.75,0.6,SUBSTANCES,1
0.75,0.6,PATIENT,4
0.75,0.7,BILAN BIOLOGIQUE,12
0.75,0.7,SOCIAL,1
0.75,0.7,ANTECEDENTS,22
0.75,0.7,EVALUATION MEDICALE,2
0.75,0.7,AUTO-QUESTIONNAIRES,17
0.75,0.7,HETERO-QUESTIONNAIRES,3
0.75,0.7,CONSTANTES ET ECG,6
0.75,0.7,SUICIDE,5
0.75,0.7,SUBSTANCES,1
0.75,0.7,PATIENT,4
0.75,0.75,BILAN BIOLOGIQUE,12
0.75,0.75,SOCIAL,1
0.75,0.75,ANTECEDENTS,22
0.75,0.75,EVALUATION MEDICALE,2
0.75,0.75,AUTO-QUESTIONNAIRES,17
0.75,0.75,HETERO-QUESTIONNAIRES,3
0.75,0.75,CONSTANTES ET ECG,6
0.75,0.75,SUICIDE,5
0.75,0.75,SUBSTANCES,1
0.75,0.75,PATIENT,4
0.75,0.8,BILAN BIOLOGIQUE,12
0.75,0.8,SOCIAL,1
0.75,0.8,ANTECEDENTS,22
0.75,0.8,EVALUATION MEDICALE,2
0.75,0.8,AUTO-QUESTIONNAIRES,17
0.75,0.8,HETERO-QUESTIONNAIRES,3
0.75,0.8,CONSTANTES ET ECG,6
0.75,0.8,SUICIDE,5
0.75,0.8,SUBSTANCES,1
0.75,0.8,PATIENT,4
0.75,0.85,BILAN BIOLOGIQUE,12
0.75,0.85,SOCIAL,1
0.75,0.85,ANTECEDENTS,22
0.75,0.85,EVALUATION MEDICALE,2
0.75,0.85,AUTO-QUESTIONNAIRES,17
0.75,0.85,HETERO-QUESTIONNAIRES,3
0.75,0.85,CONSTANTES ET ECG,6
0.75,0.85,SUICIDE,5
0.75,0.85,SUBSTANCES,1
0.75,0.85,PATIENT,4
0.75,0.9,BILAN BIOLOGIQUE,12
0.75,0.9,SOCIAL,1
0.75,0.9,ANTECEDENTS,22
0.75,0.9,EVALUATION MEDICALE,2
0.75,0.9,AUTO-QUESTIONNAIRES,17
0.75,0.9,HETERO-QUESTIONNAIRES,3
0.75,0.9,CONSTANTES ET ECG,6
0.75,0.9,SUICIDE,5
0.75,0.9,SUBSTANCES,1
0.75,0.9,PATIENT,4
0.8,0.5,EVALUATION MEDICALE,1
0.8,0.5,ANTECEDENTS,5
0.8,0.5,AUTO-QUESTIONNAIRES,17
0.8,0.5,HETERO-QUESTIONNAIRES,3
0.8,0.5,CONSTANTES ET ECG,6
0.8,0.5,SUICIDE,5
0.8,0.5,SUBSTANCES,1
0.8,0.5,PATIENT,4
0.8,0.6,EVALUATION MEDICALE,1
0.8,0.6,ANTECEDENTS,5
0.8,0.6,AUTO-QUESTIONNAIRES,17
0.8,0.6,HETERO-QUESTIONNAIRES,3
0.8,0.6,CONSTANTES ET ECG,6
0.8,0.6,SUICIDE,5
0.8,0.6,SUBSTANCES,1
0.8,0.6,PATIENT,4
0.8,0.7,EVALUATION MEDICALE,1
0.8,0.7,ANTECEDENTS,5
0.8,0.7,AUTO-QUESTIONNAIRES,17
0.8,0.7,HETERO-QUESTIONNAIRES,3
0.8,0.7,CONSTANTES ET ECG,6
0.8,0.7,SUICIDE,5
0.8,0.7,SUBSTANCES,1
0.8,0.7,PATIENT,4
0.8,0.75,EVALUATION MEDICALE,1
0.8,0.75,ANTECEDENTS,5
0.8,0.75,AUTO-QUESTIONNAIRES,17
0.8,0.75,HETERO-QUESTIONNAIRES,3
0.8,0.75,CONSTANTES ET ECG,6
0.8,0.75,SUICIDE,5
0.8,0.75,SUBSTANCES,1
0.8,0.75,PATIENT,4
0.8,0.8,EVALUATION MEDICALE,1
0.8,0.8,ANTECEDENTS,5
0.8,0.8,AUTO-QUESTIONNAIRES,17
0.8,0.8,HETERO-QUESTIONNAIRES,3
0.8,0.8,CONSTANTES ET ECG,6
0.8,0.8,SUICIDE,5
0.8,0.8,SUBSTANCES,1
0.8,0.8,PATIENT,4
0.8,0.85,EVALUATION MEDICALE,1
0.8,0.85,ANTECEDENTS,5
0.8,0.85,AUTO-QUESTIONNAIRES,17
0.8,0.85,HETERO-QUESTIONNAIRES,3
0.8,0.85,CONSTANTES ET ECG,6
0.8,0.85,SUICIDE,5
0.8,0.85,SUBSTANCES,1
0.8,0.85,PATIENT,4
0.8,0.9,EVALUATION MEDICALE,1
0.8,0.9,ANTECEDENTS,5
0.8,0.9,AUTO-QUESTIONNAIRES,17
0.8,0.9,HETERO-QUESTIONNAIRES,3
0.8,0.9,CONSTANTES ET ECG,6
0.8,0.9,SUICIDE,5
0.8,0.9,SUBSTANCES,1
0.8,0.9,PATIENT,4
0.85,0.5,AUTO-QUESTIONNAIRES,9
0.85,0.5,ANTECEDENTS,3
0.85,0.5,CONSTANTES ET ECG,6
0.85,0.5,HETERO-QUESTIONNAIRES,2
0.85,0.5,SUICIDE,5
0.85,0.5,SUBSTANCES,1
0.85,0.5,PATIENT,4
0.85,0.6,AUTO-QUESTIONNAIRES,9
0.85,0.6,ANTECEDENTS,3
0.85,0.6,CONSTANTES ET ECG,6
0.85,0.6,HETERO-QUESTIONNAIRES,2
0.85,0.6,SUICIDE,5
0.85,0.6,SUBSTANCES,1
0.85,0.6,PATIENT,4
0.85,0.7,AUTO-QUESTIONNAIRES,9
0.85,0.7,ANTECEDENTS,3
0.85,0.7,CONSTANTES ET ECG,6
0.85,0.7,HETERO-QUESTIONNAIRES,2
0.85,0.7,SUICIDE,5
0.85,0.7,SUBSTANCES,1
0.85,0.7,PATIENT,4
0.85,0.75,AUTO-QUESTIONNAIRES,9
0.85,0.75,ANTECEDENTS,3
0.85,0.75,CONSTANTES ET ECG,6
0.85,0.75,HETERO-QUESTIONNAIRES,2
0.85,0.75,SUICIDE,5
0.85,0.75,SUBSTANCES,1
0.85,0.75,PATIENT,4
0.85,0.8,AUTO-QUESTIONNAIRES,9
0.85,0.8,ANTECEDENTS,3
0.85,0.8,CONSTANTES ET ECG,6
0.85,0.8,HETERO-QUESTIONNAIRES,2
0.85,0.8,SUICIDE,5
0.85,0.8,SUBSTANCES,1
0.85,0.8,PATIENT,4
0.85,0.85,AUTO-QUESTIONNAIRES,9
0.85,0.85,ANTECEDENTS,3
0.85,0.85,CONSTANTES ET ECG,6
0.85,0.85,HETERO-QUESTIONNAIRES,2
0.85,0.85,SUICIDE,5
0.85,0.85,SUBSTANCES,1
0.85,0.85,PATIENT,4
0.85,0.9,AUTO-QUESTIONNAIRES,9
0.85,0.9,ANTECEDENTS,3
0.85,0.9,CONSTANTES ET ECG,6
0.85,0.9,HETERO-QUESTIONNAIRES,2
0.85,0.9,SUICIDE,5
0.85,0.9,SUBSTANCES,1
0.85,0.9,PATIENT,4
0.9,0.5,AUTO-QUESTIONNAIRES,6
0.9,0.5,HETERO-QUESTIONNAIRES,2
0.9,0.5,SUICIDE,5
0.9,0.5,CONSTANTES ET ECG,2
0.9,0.5,SUBSTANCES,1
0.9,0.5,PATIENT,4
0.9,0.6,AUTO-QUESTIONNAIRES,6
0.9,0.6,HETERO-QUESTIONNAIRES,2
0.9,0.6,SUICIDE,5
0.9,0.6,CONSTANTES ET ECG,2
0.9,0.6,SUBSTANCES,1
0.9,0.6,PATIENT,4
0.9,0.7,AUTO-QUESTIONNAIRES,6
0.9,0.7,HETERO-QUESTIONNAIRES,2
0.9,0.7,SUICIDE,5
0.9,0.7,CONSTANTES ET ECG,2
0.9,0.7,SUBSTANCES,1
0.9,0.7,PATIENT,4
0.9,0.75,AUTO-QUESTIONNAIRES,6
0.9,0.75,HETERO-QUESTIONNAIRES,2
0.9,0.75,SUICIDE,5
0.9,0.75,CONSTANTES ET ECG,2
0.9,0.75,SUBSTANCES,1
0.9,0.75,PATIENT,4
0.9,0.8,AUTO-QUESTIONNAIRES,6
0.9,0.8,HETERO-QUESTIONNAIRES,2
0.9,0.8,SUICIDE,5
0.9,0.8,CONSTANTES ET ECG,2
0.9,0.8,SUBSTANCES,1
0.9,0.8,PATIENT,4
0.9,0.85,AUTO-QUESTIONNAIRES,6
0.9,0.85,HETERO-QUESTIONNAIRES,2
0.9,0.85,SUICIDE,5
0.9,0.85,CONSTANTES ET ECG,2
0.9,0.85,SUBSTANCES,1
0.9,0.85,PATIENT,4
0.9,0.9,AUTO-QUESTIONNAIRES,6
0.9,0.9,HETERO-QUESTIONNAIRES,2
0.9,0.9,SUICIDE,5
0.9,0.9,CONSTANTES ET ECG,2
0.9,0.9,SUBSTANCES,1
0.9,0.9,PATIENT,4
