var_threshold,pt_threshold,n_features,n_patients,bp_patients,sz_patients,dr_patients,V1_n,V1_BP,V1_SZ,V1_DR,V2_n,V2_BP,V2_SZ,V2_DR,V3_n,V3_BP,V3_SZ,V3_DR,V4_n,V4_BP,V4_SZ,V4_DR
0.5,0.5,246,6997,5210,1523,264,3417,2672,747,149,2492,1998,461,103,1718,1393,353,1,691,470,164,62
0.5,0.6,246,5515,4492,958,65,2837,2381,486,51,2118,1809,309,40,1496,1271,249,0,576,425,126,28
0.5,0.7,246,4160,4043,117,0,2208,2157,59,0,1667,1636,35,0,1163,1137,29,0,383,370,14,0
0.5,0.75,246,3891,3891,0,0,2097,2097,0,0,1593,1593,0,0,1117,1117,0,0,363,363,0,0
0.5,0.8,246,3612,3612,0,0,1992,1992,0,0,1512,1512,0,0,1075,1075,0,0,346,346,0,0
0.5,0.85,246,3192,3192,0,0,1791,1791,0,0,1377,1377,0,0,981,981,0,0,298,298,0,0
0.5,0.9,246,2733,2733,0,0,1563,1563,0,0,1220,1220,0,0,879,879,0,0,267,267,0,0
0.6,0.5,174,7797,5596,1834,367,3711,2831,869,183,2669,2095,533,122,1828,1450,410,2,737,495,182,66
0.6,0.6,174,6850,5061,1529,260,3363,2625,743,147,2466,1974,459,103,1700,1380,349,1,685,464,162,63
0.6,0.7,174,5556,4429,1049,78,2865,2370,524,59,2121,1792,322,47,1505,1274,247,1,580,424,126,33
0.6,0.75,174,4412,3887,525,0,2311,2087,262,0,1723,1580,156,0,1203,1102,109,0,414,360,55,0
0.6,0.8,174,3761,3665,96,0,2036,1995,51,0,1552,1518,37,0,1095,1071,26,0,347,339,8,0
0.6,0.85,174,3371,3371,0,0,1876,1876,0,0,1438,1438,0,0,1025,1025,0,0,319,319,0,0
0.6,0.9,174,2835,2835,0,0,1622,1622,0,0,1260,1260,0,0,916,916,0,0,274,274,0,0
0.7,0.5,90,8412,5890,2018,504,3908,2962,912,222,2758,2148,562,133,1867,1471,427,3,748,498,187,68
0.7,0.6,90,7870,5508,1894,468,3718,2807,870,218,2636,2046,541,132,1801,1422,407,3,720,480,178,67
0.7,0.7,90,7155,5094,1635,426,3441,2621,768,204,2474,1944,474,126,1709,1366,367,3,676,452,162,66
0.7,0.75,90,6546,4722,1453,371,3208,2460,695,188,2330,1847,425,121,1620,1315,327,3,642,432,148,66
0.7,0.8,90,5900,4337,1263,300,2977,2312,622,162,2199,1763,383,107,1547,1276,291,1,612,416,135,65
0.7,0.85,90,4894,3877,761,256,2554,2117,367,145,1925,1632,226,100,1345,1197,156,1,514,382,71,63
0.7,0.9,90,4374,3618,543,213,2348,2001,272,131,1789,1553,169,94,1255,1145,116,1,471,360,51,61
0.75,0.5,73,8459,5943,2017,499,3931,2988,909,222,2780,2168,565,133,1872,1478,426,3,750,500,187,68
0.75,0.6,73,8125,5728,1931,466,3820,2905,882,215,2710,2113,547,131,1835,1449,417,3,733,490,181,67
0.75,0.7,73,7357,5250,1706,401,3532,2697,794,197,2527,1987,491,124,1744,1399,372,3,695,470,162,67
0.75,0.75,73,6896,4998,1536,362,3376,2601,730,184,2432,1930,448,118,1686,1364,346,3,670,453,155,66
0.75,0.8,73,6062,4425,1360,277,3026,2340,653,152,2215,1769,397,104,1557,1270,306,1,612,412,139,65
0.75,0.85,73,5144,3938,955,251,2646,2144,435,143,1973,1643,268,98,1365,1199,176,1,522,382,80,62
0.75,0.9,73,4728,3660,853,215,2465,2003,399,130,1848,1551,236,93,1284,1135,157,1,491,361,70,61
0.8,0.5,42,8611,6103,2034,474,3986,3046,915,212,2820,2209,567,130,1885,1489,429,3,760,509,188,69
0.8,0.6,42,8166,5946,1838,382,3875,3003,852,187,2741,2176,523,123,1840,1473,398,2,741,500,178,69
0.8,0.7,42,7959,5876,1738,345,3809,2978,814,176,2693,2157,494,119,1807,1462,376,2,730,498,171,67
0.8,0.75,42,7619,5742,1554,323,3661,2913,723,166,2593,2112,438,113,1749,1445,330,2,709,493,156,65
0.8,0.8,42,6965,5471,1206,288,3405,2807,538,152,2408,2025,322,107,1614,1406,223,2,640,479,101,63
0.8,0.85,42,6611,5222,1117,272,3268,2707,497,150,2317,1958,297,105,1543,1354,201,2,616,462,95,62
0.8,0.9,42,6269,5002,1014,253,3118,2594,460,143,2221,1881,277,101,1485,1304,190,2,585,442,86,59
0.85,0.5,30,8735,6131,2094,510,4013,3048,930,225,2837,2211,580,134,1899,1491,441,3,763,507,193,69
0.85,0.6,30,8547,6045,2032,470,3968,3027,915,210,2809,2196,570,129,1888,1485,436,3,755,502,191,68
0.85,0.7,30,8281,5960,1888,433,3897,2999,870,205,2760,2174,543,128,1851,1473,409,3,744,501,182,67
0.85,0.75,30,7769,5709,1739,321,3738,2905,819,165,2637,2104,493,115,1777,1428,377,2,718,490,168,65
0.85,0.8,30,7534,5515,1712,307,3657,2831,809,164,2577,2048,486,114,1752,1406,373,2,709,482,167,65
0.85,0.85,30,7133,5212,1623,298,3485,2682,775,161,2453,1942,465,111,1668,1337,355,2,674,453,163,63
0.85,0.9,30,6993,5151,1564,278,3432,2665,748,151,2412,1924,449,103,1647,1327,345,1,662,445,160,62
0.9,0.5,20,8780,6141,2141,498,4025,3049,950,218,2844,2213,589,131,1905,1491,448,3,769,509,197,69
0.9,0.6,20,8642,6072,2097,473,3994,3035,933,211,2825,2203,580,129,1897,1488,442,3,759,504,193,68
0.9,0.7,20,8366,5937,1967,462,3911,2986,898,211,2758,2160,554,129,1860,1469,422,3,751,499,189,68
0.9,0.75,20,7855,5683,1803,369,3747,2883,840,184,2645,2089,509,123,1784,1425,387,2,722,487,173,67
0.9,0.8,20,7593,5456,1774,363,3645,2781,832,183,2560,2010,502,122,1735,1378,382,2,701,470,170,66
0.9,0.85,20,7529,5410,1761,358,3626,2766,829,181,2548,1999,501,121,1727,1370,382,2,693,463,170,65
0.9,0.9,20,7343,5275,1748,320,3566,2722,822,166,2508,1966,497,115,1706,1351,380,2,684,456,169,64
